game_id,transcript,result,player_one,player_two,player_one_time,player_two_time,player_one_score,player_two_score,player_one_illegal_moves,player_two_illegal_moves,player_one_legal_moves,player_two_legal_moves,player_one_resignation,player_two_resignation,player_one_failed_to_find_legal_move,player_two_failed_to_find_legal_move,game_title,number_of_moves,time_taken,total_moves,illegal_moves,,,
1765864166-8893,"[White ""Magnus Carlsen""]
[Black ""Stockfish""]

1. e4 e5 2. Nf3 Nf6 3. Nc3 d6 4. Bc4 Be7 5. d3 h6 6. Be3 Nc6 7. Qd2 Bg4 8. h3 Bxf3 9. gxf3 Nh5 10. O-O-O Bg5 11. Rdg1 Nd4 12. Bxg5 hxg5 13. Qxg5 c6 14. Qxd8+ Kxd8 15. Bxf7 Nf4 16. Rxg7 b5 17. Rg8+ Kc7 18. Rxa8 Rxa8 19. h4 Rf8 20. Bb3 Nxf3 21. h5 Rh8 22. h6 a5 23. a3 Ng5 24. Nd1 Nfh3 25. Ne3 a4 26. Ba2 Nxf2 27. Rh2 Ng4 28. Nxg4 d5 29. exd5 b4 30. axb4 Nf3 31. Rf2 Nd4 32. dxc6 Rb8 33. Rf7+ Kd6 34. h7 Rc8 35. Rf6+ Ne6 36. Rxe6+ Kc7 37. Rxe5 Kxc6 38. Rc5+ Kb7 39. Rxc8 a3 40. h8=Q Ka6 41. Qf6+ Ka7 42. Rc7+ Ka8 43. Qf8#",1-0,lichess_200k_bins_16layers_ckpt_with_optimizer.pt,Stockfish 1,,2,1,0,0,0,43,43,False,False,False,False,lichess_200k_bins_16layers_ckpt_with_optimizer.pt vs. Stockfish 1,43,152.997892379761,43,0,,,
1765864246-7693,"[White ""Magnus Carlsen""]
[Black ""Stockfish""]

1. e4 c6 2. d4 d6 3. Nc3 a5 4. Nf3 Nf6 5. Bd3 g6 6. O-O a4 7. a3 Nbd7 8. Re1 e5 9. dxe5 Nh5 10. exd6 Bxd6 11. e5 Bc7 12. e6 fxe6 13. Rxe6+ Kf8 14. Bh6+ Kg8 15. Bc4 Nf8 16. Re8+ Be6 17. Rxd8 Rxd8 18. Bxe6+ Nxe6 19. Qe2 Kf7 20. Re1 Nhf4 21. Bxf4 Nxf4 22. Qe7+ Kg8 23. Qxc7 b6 24. Qxd8+ Kg7 25. Qe7+ Kg8 26. Qe8+ Kg7 27. Re7+ Kf6 28. Qf7+",1-0,lichess_200k_bins_16layers_ckpt_with_optimizer.pt,Stockfish 1,,2,1,0,0,0,28,28,False,False,False,False,lichess_200k_bins_16layers_ckpt_with_optimizer.pt vs. Stockfish 1,28,79.897700548172,28,0,,,
1765864483-7017,"[White ""Magnus Carlsen""]
[Black ""Stockfish""]

1. e4 g6 2. d4 d5 3. e5 c5 4. c3 Qc7 5. Nf3 Bg7 6. Be2 Bg4 7. O-O cxd4 8. cxd4 Qd7 9. Nc3 Nc6 10. Be3 Bxf3 11. Bxf3 e6 12. Rc1 f6 13. exf6 Nxf6 14. Re1 Qf7 15. Bg5 O-O 16. Qd2 Rfe8 17. Bh6 Bxh6 18. Qxh6 Rf8 19. Qe3 Rae8 20. Nb5 Re7 21. Nd6 Qg7 22. Nb5 Ne8 23. Bg4 e5 24. dxe5 a6 25. Nd6 Rxe5 26. Qd2 Nxd6 27. Rxe5 Qxe5 28. Re1 Qd4 29. Qxd4 Nxd4 30. Rd1 Rf4 31. Bh3 Rh4 32. Bd7 Kh8 33. g3 Nf3+ 34. Kg2 Rd4 35. Rxd4 Nxd4 36. f4 Kg7 37. Kf2 h5 38. Ke3 N4f5+ 39. Kd3 Kf6 40. Bc8 Nxc8 41. b4 g5 42. a4 d4 43. b5 Ke6 44. bxa6 b6 45. a7 Nxa7 46. Kc4 g4 47. Kd3 Nc8 48. Ke4 Na7 49. Kd3 Nc8 50. Ke4 Ncd6+ 51. Kd3 Nc8 52. Ke4 Kf6 53. Kd3 Ke6 54. Ke4 Ncd6+ 55. Kd3 Nc8",1/2-1/2,lichess_200k_bins_16layers_ckpt_with_optimizer.pt,Stockfish 1,,2,0.5,0.5,0,0,55,55,False,False,False,False,lichess_200k_bins_16layers_ckpt_with_optimizer.pt vs. Stockfish 1,56,236.75525021553,55,0,,,
1765864900-8889,"[White ""Magnus Carlsen""]
[Black ""Stockfish""]

1. e4 e5 2. Nf3 Nc6 3. Bc4 Bc5 4. d3 Rb8 5. Ng5 Bb4+ 6. c3 Bc5 7. Nxf7 Bxf2+ 8. Kxf2 Qh4+ 9. g3 Qf6+ 10. Qf3 d5 11. Qxf6 gxf6 12. Nxh8 dxc4 13. dxc4 Ra8 14. Nd2 Be6 15. b3 Rd8 16. Nf3 Nge7 17. Be3 Rd3 18. Rac1 h6 19. Rhd1 Rxd1 20. Rxd1 Bg4 21. Bxh6 Nc8 22. Ng6 Kf7 23. Ngh4 Bh5 24. Rd7+ Ke8 25. Rxc7 Nb6 26. Rxb7 Nd8 27. Rxa7 Nf7 28. Ra6 Nxh6 29. Rxb6 Ng4+ 30. Kg2 Kd7 31. Rb7+ Kc6 32. Rh7 Bf7 33. Rxf7 Kd6 34. Rg7 Nh6 35. Rg6 Ke7 36. Rxh6 Ke6 37. Rh7 f5 38. Rh6+ Ke7 39. Rh7+ Ke6 40. Rh6+ Ke7 41. Rh7+ Kf6 42. Rh6+ Kf7 43. Rh7+ Ke6 44. Rh6+ Ke7 45. Rh7+ Kf8 46. Rh8+ Kg7 47. Rh5 Kg8 48. Rxf5 Kh7 49. Rxe5 Kg7 50. Re7+ Kf6 51. Re5 Kf7 52. Rf5+ Ke6 53. Re5+ Kd7 54. Rd5+ Kc6 55. Rc5+ Kb7 56. Rb5+ Kc6 57. Rc5+ Kd7 58. Rd5+ Kc7 59. Rc5+ Kb6 60. Rb5+ Ka6 61. Ra5+ Kb6 62. Rb5+ Ka6 63. Ra5+ Kb7 64. Rb5+ Kc8 65. Rc5+ Kd7 66. Rd5+ Ke8 67. Re5+ Kd8 68. Rd5+ Kc8 69. Rc5+ Kd8 70. Rd5+ Ke7 71. Re5+ Kd8 72. Rd5+ Kc8 73. Rc5+ Kd8 74. Rd5+ Ke8 75. Re5+ Kd8 76. Rd5+",1/2-1/2,lichess_200k_bins_16layers_ckpt_with_optimizer.pt,Stockfish 1,,2,0.5,0.5,0,0,76,76,False,False,False,False,lichess_200k_bins_16layers_ckpt_with_optimizer.pt vs. Stockfish 1,76,417.581590890884,76,0,,,
1765865442-8583,"[White ""Magnus Carlsen""]
[Black ""Stockfish""]

1. e4 e5 2. Nf3 d6 3. Bc4 Nd7 4. d4 Be7 5. dxe5 Nxe5 6. Nxe5 dxe5 7. Qxd8+ Bxd8 8. O-O h6 9. Nc3 c6 10. Be3 Bc7 11. Rad1 Nf6 12. f3 Bb6 13. Bxb6 axb6 14. a3 b5 15. Bb3 Nd7 16. Rd6 Nc5 17. Rfd1 Ke7 18. Kf2 Rg8 19. Ke3 h5 20. g3 Nxb3 21. cxb3 h4 22. g4 g5 23. h3 f6 24. R6d3 Re8 25. Rd6 Be6 26. R6d3 Rad8 27. Rxd8 Rxd8 28. Rxd8 Kxd8 29. b4 Bb3 30. Kd3 b6 31. Ke3 Bc4 32. Kf2 Be6 33. Ke3 Kc7 34. Kf2 Bf7 35. Ke3 Bc4 36. Kf2 Bd3 37. Ke3 Bc2 38. Kf2 Bb3 39. Ke3 Kc8 40. Kf2 Kd7 41. Ke3 Kd8 42. Kf2 Kc7 43. Ke3 Kd6 44. Kf2 Ke7 45. Ke3 Ke6 46. Kf2 Bc2 47. Ke3 Bb3 48. Kf2 Ba4 49. Ke3 Kd6 50. Kf2 Kd7 51. Ke3 Bb3 52. Kf2 Bc2 53. Ke3 Kd6 54. Kf2 Ba4 55. Ke3 Ke7 56. Kf2 Kd6 57. Ke3 Bc2 58. Kf2 Ba4 59. Ke3 Kc7 60. Kf2 Kd7 61. Ke3 Kd8 62. Kf2 Bb3 63. Ke3 Bc4 64. Kf2 Kd7 65. Ke3 Kc7 66. Kf2 Kd6 67. Ke3 Ke6 68. Kf2 Bb3 69. Ke3 Bc2 70. Kf2 Kd7 71. Ke3 Bb3 72. Kf2 Kc7 73. Ke3 Kb7 74. Kf2 Kb8 75. Ke3 Bc4 76. Kf2 Kc7 77. Ke3 Kb8 78. Kf2 Bb3 79. Ke3 Ka8 80. Kf2 Ba2 81. Ke3 Bf7 82. Kf2 Bc4 83. Ke3 Bb3 84. Kf2 Bc4 85. Ke3 Bb3 86. Kf2 Ba4 87. Ke3 Ka7 88. Kf2 Ka6 89. Ke3 Bc2 90. Kf2 Kb7",,lichess_200k_bins_16layers_ckpt_with_optimizer.pt,Stockfish 1,,2,-10000000000,-10000000000,0,0,90,90,False,False,False,False,lichess_200k_bins_16layers_ckpt_with_optimizer.pt vs. Stockfish 1,91,541.562748193741,90,0,,,
1765865511-9112,"[White ""Magnus Carlsen""]
[Black ""Stockfish""]

1. e4 e5 2. Nf3 Nc6 3. Bc4 Be7 4. d4 exd4 5. Nxd4 Nf6 6. Nc3 Bb4 7. Nxc6 Bxc3+ 8. bxc3 dxc6 9. Qxd8+ Kxd8 10. Bg5 Ke8 11. Bxf6 Rg8 12. Be5 b5 13. Bb3 f6 14. Bxc7 Rh8 15. O-O a5 16. a4 Bb7 17. axb5 cxb5 18. Rxa5 Ke7 19. Rxb5 Bc6 20. Rc5 Bxe4 21. Re1 Kd7 22. Rxe4 Ra1+ 23. Re1 Rxe1#",0-1,lichess_200k_bins_16layers_ckpt_with_optimizer.pt,Stockfish 1,,2,0,1,0,0,23,23,False,False,False,False,lichess_200k_bins_16layers_ckpt_with_optimizer.pt vs. Stockfish 1,24,69.3480610847473,23,0,,,
1765865690-8007,"[White ""Magnus Carlsen""]
[Black ""Stockfish""]

1. e4 d6 2. d4 c6 3. Nc3 Nf6 4. f4 Qb6 5. Nf3 g6 6. Bd3 Bg4 7. Be3 e6 8. O-O Bg7 9. Qd2 Bxf3 10. Rxf3 O-O 11. Raf1 d5 12. e5 Nfd7 13. Nd1 a5 14. c3 c5 15. g4 cxd4 16. cxd4 Nc6 17. Bb1 a4 18. f5 f6 19. fxe6 Ncxe5 20. dxe5 Qxe6 21. exf6 Bxf6 22. Bd4 Qxg4+ 23. Rg3 Bxd4+ 24. Kg2 Qh4 25. Ne3 Rxf1 26. Nxf1 Nc5 27. Qxd4 Qxd4 28. Bc2 Qc4 29. Bd1 Rf8 30. Ne3 Qd4 31. Bf3 Qd2+ 32. Kh3 d4 33. Ng4 Kh8 34. Ne5 Qh6+ 35. Kg2 Qd2+ 36. Kh3 Kg7 37. Ng4 Qa5 38. Ne5 Rf5 39. Nc4 Qa6 40. Nd2 Qd3 41. Nf1 Qxf1+ 42. Kg4 Qf2 43. h4 Qf1 44. h5 Nd3 45. h6+ Kf6 46. Be4 Rf4#",0-1,lichess_200k_bins_16layers_ckpt_with_optimizer.pt,Stockfish 1,,2,0,1,0,0,46,46,False,False,False,False,lichess_200k_bins_16layers_ckpt_with_optimizer.pt vs. Stockfish 1,47,179.335627555847,46,0,,,
1765865910-9803,"[White ""Magnus Carlsen""]
[Black ""Stockfish""]

1. e4 c5 2. Nf3 e6 3. d4 d5 4. exd5 cxd4 5. Qxd4 exd5 6. Nc3 Be6 7. Bb5+ Nc6 8. O-O h6 9. Re1 Qd7 10. Ne5 Nxd4 11. Bxd7+ Bxd7 12. Ng6+ Be7 13. Nxh8 Bc6 14. Be3 Nxc2 15. Rac1 Nxe3 16. Rxe3 Kf8 17. Rce1 g5 18. Rxe7 Nxe7 19. Nxf7 Kxf7 20. Ne2 Nf5 21. Ng3 Ne7 22. Nh5 d4 23. Ng3 Rd8 24. Rd1 Kf6 25. Ne2 Nf5 26. g4 Nh4 27. Nxd4 Kf7 28. Kf1 Bd5 29. Nf5 Rd7 30. Nxh6+ Ke7 31. Nf5+ Nxf5 32. gxf5 Bg2+ 33. Kxg2 Rxd1 34. Kf3 Rb1 35. Kg4 Kf6 36. f4 gxf4 37. Kxf4 Rf1+ 38. Kg4 Rc1 39. h4 b5 40. h5 Rh1 41. h6 Rg1+ 42. Kh5 a5 43. h7 Rh1+ 44. Kg4 Rxh7 45. Kf4 Rh6 46. Ke4 Rh2 47. Kd5 b4 48. Kc5 b3 49. Kb5 bxa2 50. Kxa5 Rxb2 51. Ka4 Kf7 52. Ka3 a1=Q#",0-1,lichess_200k_bins_16layers_ckpt_with_optimizer.pt,Stockfish 1,,2,0,1,0,0,52,52,False,False,False,False,lichess_200k_bins_16layers_ckpt_with_optimizer.pt vs. Stockfish 1,53,219.496217489243,52,0,,,
1765866038-2525,"[White ""Magnus Carlsen""]
[Black ""Stockfish""]

1. e4 e5 2. Nf3 d5 3. exd5 Bd6 4. Nc3 Nf6 5. d3 Bb4 6. Bd2 Nxd5 7. Nxd5 Bxd2+ 8. Qxd2 Qxd5 9. Be2 O-O 10. O-O c5 11. c4 Qd6 12. Qc3 f6 13. Rad1 b6 14. a3 Rd8 15. b4 Be6 16. bxc5 bxc5 17. Rb1 Nc6 18. Rb5 Rac8 19. Rfb1 Rc7 20. Nd2 Bf5 21. Ne4 Bxe4 22. dxe4 Nd4 23. Bd1 Nxb5 24. cxb5 Qxd1+ 25. Qe1 Qxe1+ 26. Rxe1 Rcd7 27. h3 c4 28. Rc1 Rd1+ 29. Rxd1 Rxd1+ 30. Kh2 f5 31. exf5 Rd2 32. Kg3 h5 33. Kf3 c3 34. Ke3 Rd8 35. a4 c2 36. a5 c1=Q+ 37. Ke4 Qf4#",0-1,lichess_200k_bins_16layers_ckpt_with_optimizer.pt,Stockfish 1,,2,0,1,0,0,37,37,False,False,False,False,lichess_200k_bins_16layers_ckpt_with_optimizer.pt vs. Stockfish 1,38,128.585154294968,37,0,,,
1765866254-1230,"[White ""Magnus Carlsen""]
[Black ""Stockfish""]

1. e4 a6 2. d4 b5 3. Nf3 g6 4. Bd3 d6 5. O-O Bg7 6. c3 e5 7. d5 Bd7 8. Be3 Nh6 9. h3 Ng8 10. Nbd2 Bh6 11. Bxh6 Nxh6 12. Nh2 O-O 13. f4 Qe7 14. f5 Qh4 15. Ndf3 Qg3 16. fxg6 hxg6 17. Qe1 Qxe1 18. Raxe1 f6 19. Nh4 Kh7 20. Rf2 a5 21. Ref1 Ng8 22. Ng4 Na6 23. Nxf6+ Nxf6 24. Rxf6 Kg7 25. Rxg6+ Kh8 26. Rh6+ Kg7 27. Nf5+ Rxf5 28. Rxf5 Kxh6 29. Rf6+ Kg5 30. Rf7 Nc5 31. Bc2 Be8 32. Rxc7 Rb8 33. b4 axb4 34. cxb4 Na6 35. Rg7+ Bg6 36. a3 Kf6 37. Rd7 Rb6 38. g4 Be8 39. Rh7 Kg6 40. Re7 Bf7 41. h4 Nb8 42. h5+ Kg5 43. Rxf7 Nd7 44. Rxd7 Kf4 45. h6 Ke3 46. h7 Kd2 47. Bb1 Ke3 48. h8=Q Ra6 49. Qh3+ Ke2 50. Bd3+ Ke1 51. Qf1+ Kd2 52. Qe2+ Kc1 53. Qc2#",1-0,lichess_200k_bins_16layers_ckpt_with_optimizer.pt,Stockfish 1,,2,1,0,0,0,53,53,False,False,False,False,lichess_200k_bins_16layers_ckpt_with_optimizer.pt vs. Stockfish 1,53,215.4955098629,53,0,,,
1765866597-2089,"[White ""Magnus Carlsen""]
[Black ""Stockfish""]

1. e4 d5 2. exd5 c6 3. dxc6 Nxc6 4. Nf3 e5 5. Bb5 Ne7 6. O-O Ng6 7. Re1 Bd6 8. d4 Bg4 9. dxe5 Be7 10. Qxd8+ Rxd8 11. Bxc6+ bxc6 12. Nbd2 O-O 13. h3 Bd7 14. Ne4 Bf5 15. Ng3 Bxc2 16. Be3 Bd3 17. Rac1 Bb5 18. Bxa7 Ra8 19. Bc5 Bxc5 20. Rxc5 Rfd8 21. a3 Ra5 22. Rec1 Ra4 23. Nf5 Rd3 24. Nd6 Rb3 25. Nxb5 cxb5 26. R1c2 h6 27. Rc8+ Kh7 28. R8c7 Rf4 29. Rb7 b4 30. axb4 Re4 31. Rxf7 Nxe5 32. Nxe5 Re1+ 33. Kh2 Rxb4 34. Nd3 Kg6 35. Nxb4 Kxf7 36. Nd3 Rd1 37. Nf4 g5 38. Ne2 Rd8 39. Nc3 Kg6 40. b4 Rb8 41. b5 Kf5 42. Rb2 Kf6 43. b6 Ke5 44. b7 Kd4 45. Ne2+ Kd5 46. Ng3 Kc6 47. Nf5 Rxb7 48. Rxb7 Kc5 49. Rh7 Kb6 50. Rxh6+ Kc7 51. Rg6 Kd7 52. Rxg5 Kc6 53. Rg4 Kb5 54. Rf4 Ka5 55. Rf3 Kb5 56. h4 Kc4 57. h5 Kd5 58. h6 Kc5 59. h7 Kc6 60. h8=Q Kc5 61. Qh4 Kb5 62. Rg3 Kc6 63. Rg5 Kd5 64. Qh6 Kc4 65. Ng3 Kb4 66. Rg4+ Ka5 67. Qh5+ Kb6 68. Rg6+ Kb7 69. Qh7+ Ka8 70. Rg8#",1-0,lichess_200k_bins_16layers_ckpt_with_optimizer.pt,Stockfish 1,,2,1,0,0,0,70,70,False,False,False,False,lichess_200k_bins_16layers_ckpt_with_optimizer.pt vs. Stockfish 1,70,343.089968204498,70,0,,,
1765866714-2894,"[White ""Magnus Carlsen""]
[Black ""Stockfish""]

1. e4 d5 2. exd5 Nf6 3. Nc3 c6 4. dxc6 e6 5. cxb7 Bxb7 6. Nf3 Bb4 7. Be2 O-O 8. O-O Nc6 9. d3 Ne7 10. Bg5 Rc8 11. Bxf6 gxf6 12. Ne4 f5 13. Nf6+ Kg7 14. Nh5+ Kh8 15. Ne5 Qd5 16. Bf3 Qb5 17. Bxb7 Rb8 18. Bf3 Qa5 19. Nf6 Qxe5 20. Nd7 Qxb2 21. Nxf8 Nd5 22. Bxd5 Qe5 23. Nd7 Qg7 24. Nxb8 exd5 25. Qf3 Bd6 26. Nc6 Bxh2+ 27. Kxh2 d4 28. Qxf5 Qh6+ 29. Kg1 Kg7 30. Ne5 f6 31. Ng4 Qg5 32. Qxg5+ Kf7 33. Qxf6+ Ke8 34. Rfe1+ Kd7 35. Re7+ Kc8 36. Qf8#",1-0,lichess_200k_bins_16layers_ckpt_with_optimizer.pt,Stockfish 1,,2,1,0,0,0,36,36,False,False,False,False,lichess_200k_bins_16layers_ckpt_with_optimizer.pt vs. Stockfish 1,36,117.297561645508,36,0,,,
1765866798-4336,"[White ""Magnus Carlsen""]
[Black ""Stockfish""]

1. e4 c5 2. Nf3 Nc6 3. d4 cxd4 4. Nxd4 g6 5. Nc3 d6 6. Be3 a6 7. Be2 Rb8 8. O-O Nf6 9. f4 Bg7 10. Bf3 Nxd4 11. Bxd4 Qc7 12. e5 dxe5 13. Bxe5 Qc4 14. Bxb8 Nh5 15. Bxh5 Bf6 16. Bf3 Qb4 17. Be5 h5 18. Bxf6 Qc5+ 19. Bd4 Qc7 20. Bxh8 f6 21. Qd3 Qc5+ 22. Kh1 Qf2 23. Qxg6+ Kd8 24. Rad1+ Qd4 25. Rxd4+ Bd7 26. Qg8+ Kc7 27. Rxd7+ Kxd7 28. Rd1+ Kc7 29. Qd8+",1-0,lichess_200k_bins_16layers_ckpt_with_optimizer.pt,Stockfish 1,,2,1,0,0,0,29,29,False,False,False,False,lichess_200k_bins_16layers_ckpt_with_optimizer.pt vs. Stockfish 1,29,83.5001285076141,29,0,,,
1765867322-1470,"[White ""Magnus Carlsen""]
[Black ""Stockfish""]

1. e4 Nc6 2. Nf3 e5 3. Bc4 d6 4. d3 Be7 5. Nc3 Na5 6. Bb3 c6 7. Bd2 Nf6 8. O-O Nxb3 9. axb3 O-O 10. h3 h6 11. Nh2 b6 12. f4 exf4 13. Bxf4 b5 14. Ne2 a5 15. Ng3 Ra6 16. Nf5 c5 17. Ng4 d5 18. Nxf6+ Rxf6 19. Qg4 g6 20. Nxh6+ Kh7 21. Qh4 Re6 22. Qg3 dxe4 23. Nxf7 Rxf7 24. dxe4 Rf8 25. Rad1 Bd7 26. e5 Rf7 27. Qd3 c4 28. bxc4 Qc7 29. cxb5 Qc5+ 30. Kh1 Bf8 31. Be3 Bxb5 32. Bxc5 Rxf1+ 33. Rxf1 Bxd3 34. Bxf8 Bxf1 35. Bd6 Re8 36. Kg1 Be2 37. Kf2 Bb5 38. Ke3 Bf1 39. Kf2 Bc4 40. Ke3 Be6 41. Kd4 Rc8 42. c3 Bb3 43. g4 Kg7 44. h4 Rc4+ 45. Kd3 Rxg4 46. Be7 Rg3+ 47. Kd4 Rg4+ 48. Kc5 Kf7 49. Bf6 Rg2 50. Kb5 a4 51. c4 Bc2 52. c5 Re2 53. c6 Rd2 54. c7 Bf5 55. Kxa4 Bc8 56. b4 Ke8 57. b5 Rb2 58. Ka5 Rb3 59. b6 Rc3 60. Kb5 Rc2 61. Kb4 Kf7 62. Kb5 Ke6 63. Kb4 Rc6 64. Kb5 Rc1 65. Kb4 Kd5 66. Kb5 Ke6 67. Kb4 Rc6 68. Kb5 Rc2 69. Kb4 Bb7 70. Kb5 Rc3 71. Kb4 Re3 72. Kc5 Rf3 73. Kb5 Rc3 74. Kb4 Rc1 75. Kb5 Kd5 76. Kb4 Rc2 77. Kb5 Rb2+ 78. Ka5 Kc6 79. Ka4 Rh2 80. Kb4 Kd7 81. Kc5 Rh1 82. Kb5 Rf1 83. Kc5 Rf4 84. Kb5 Rf1 85. Kc5 Rd1 86. Kb5 Rd2 87. Kc5 Rc2+ 88. Kb5 Re2 89. Kc5 Ba6 90. Kd5 Bc8",,lichess_200k_bins_16layers_ckpt_with_optimizer.pt,Stockfish 1,,2,-10000000000,-10000000000,0,0,90,90,False,False,False,False,lichess_200k_bins_16layers_ckpt_with_optimizer.pt vs. Stockfish 1,91,524.084167718887,90,0,,,
1765867615-3416,"[White ""Magnus Carlsen""]
[Black ""Stockfish""]

1. e4 c5 2. Nf3 d6 3. d4 cxd4 4. Nxd4 e5 5. Nb3 Be6 6. Nc3 Be7 7. Be3 Nc6 8. Be2 Nf6 9. O-O h6 10. f4 O-O 11. f5 Bd7 12. Qd2 a5 13. a4 Re8 14. Rad1 Bf8 15. Nb5 Nb4 16. Nxd6 Bxa4 17. Nxe8 Qxe8 18. Nc5 Nxc2 19. Nxa4 Nxe3 20. Qxe3 Qxa4 21. Bf3 Qc2 22. Rd2 Qc7 23. Rfd1 Bb4 24. Rd3 Bc5 25. Rc1 Bxe3+ 26. Rxe3 Qxc1+ 27. Kf2 a4 28. Re2 Qc5+ 29. Kg3 Kh8 30. h3 Rd8 31. Kh2 b5 32. g4 Qc1 33. Kg3 h5 34. g5 Qf4+ 35. Kf2 Qxg5 36. Re1 Qd2+ 37. Re2 Qc1 38. Re1 Qxb2+ 39. Re2 Qd4+ 40. Kg2 a3 41. Ra2 Qb4 42. Re2 Qc4 43. Ra2 Qb4 44. Re2 h4 45. Ra2 Qb3 46. Re2 a2 47. Re1 Qc2+ 48. Re2 Qc4 49. Re1 Qd3 50. Ra1 Qb3 51. Re1 Qd3 52. Ra1 Qb3 53. Re1 Qc3 54. Ra1 Qc2+ 55. Kf1 Qd2 56. Re1 Qc3 57. Ra1 Qxf3+ 58. Ke1 Qe3+ 59. Kf1 Qf3+ 60. Ke1 Qxe4+ 61. Kf1 Qh1+ 62. Ke2 Qxa1 63. Ke3 Qb2 64. Kf3 Rd3#",0-1,lichess_200k_bins_16layers_ckpt_with_optimizer.pt,Stockfish 1,,2,0,1,0,0,64,64,False,False,False,False,lichess_200k_bins_16layers_ckpt_with_optimizer.pt vs. Stockfish 1,65,293.340484380722,64,0,,,
1765867985-1183,"[White ""Magnus Carlsen""]
[Black ""Stockfish""]

1. e4 Nf6 2. e5 Nd5 3. d4 d6 4. Nf3 g6 5. Bc4 Nb6 6. Bb3 Bg7 7. O-O O-O 8. h3 dxe5 9. dxe5 Qxd1 10. Rxd1 e6 11. Bg5 N6d7 12. Be7 Nxe5 13. Nxe5 Re8 14. Ba3 Bxe5 15. Nc3 Nc6 16. Rd3 Bf6 17. Rad1 a6 18. Ne4 Bh4 19. g3 Bd8 20. Rf3 f5 21. Nc5 Kf7 22. Re1 b6 23. Nd3 Bf6 24. Nf4 Nd4 25. Rfe3 c5 26. c3 c4 27. Bxc4 g5 28. Nxe6 Bxe6 29. Bxe6+ Nxe6 30. Rd3 Red8 31. Red1 h5 32. Rd6 f4 33. Rxd8 Rxd8 34. Rxd8 Nxd8 35. gxf4 b5 36. fxg5 Be5 37. h4 Ke6 38. Kg2 Bf4 39. Kf3 Bd2 40. Ke4 Nb7 41. f4 Be1 42. f5+ Kf7 43. g6+ Kf6 44. Be7+ Kxe7 45. Kd5 Bg3 46. Kc6 Nd8+ 47. Kb6 Bxh4 48. Kxa6 Bf6 49. Kxb5 Kf8 50. a4 h4 51. a5 h3 52. a6 h2 53. a7 h1=Q 54. a8=Q Qf1+ 55. Kb6 Qxf5 56. Qa3+ Kg7 57. Qd6 Qe4 58. Qd7+ Kf8 59. Qd6+ Qe7 60. Qxe7+ Kxe7 61. Kc7 Be5+ 62. Kc8 Bf6 63. b4 Bxc3 64. b5 Be5 65. b6 Bc3 66. b7 Nc6 67. b8=Q Ke6 68. Qc7 Ne7+ 69. Kb7 Nd5 70. Qc6+ Ke5 71. Qxd5+ Kxd5 72. g7 Bxg7",1/2-1/2,lichess_200k_bins_16layers_ckpt_with_optimizer.pt,Stockfish 1,,2,0.5,0.5,0,0,72,72,False,False,False,False,lichess_200k_bins_16layers_ckpt_with_optimizer.pt vs. Stockfish 1,73,369.846414089203,72,0,,,
1765868159-5082,"[White ""Magnus Carlsen""]
[Black ""Stockfish""]

1. e4 c5 2. Nf3 e6 3. d4 a6 4. d5 Nf6 5. Nc3 b5 6. e5 Nxd5 7. Nxd5 exd5 8. Qxd5 Nc6 9. Bg5 Be7 10. Bxe7 Qxe7 11. O-O-O c4 12. Nd4 Qxe5 13. Qxe5+ Nxe5 14. Re1 d6 15. f4 Kd7 16. fxe5 dxe5 17. Rxe5 Re8 18. Rxe8 h5 19. Re1 Kd6 20. Nf5+ Kc6 21. Nxg7 Bb7 22. Nxh5 Kc5 23. Nf6 c3 24. bxc3 Rd8 25. Ne4+ Kb6 26. Bd3 Rh8 27. h4 Rg8 28. g3 b4 29. cxb4 Rg4 30. Nf6 Rxg3 31. Rhg1 Rf3 32. Ne4 f5 33. Nd6 Bc6 34. Nxf5 a5 35. bxa5+ Ka7 36. Rg7+ Bb7 37. Ree7 Ka8 38. Rxb7 Rxd3 39. Rbf7 Rd8 40. Rg8 Rxg8 41. Nd6 Rg7 42. Rxg7 Kb8 43. h5 Ka8 44. h6 Kb8 45. h7 Ka8 46. h8=Q#",1-0,lichess_200k_bins_16layers_ckpt_with_optimizer.pt,Stockfish 1,,2,1,0,0,0,46,46,False,False,False,False,lichess_200k_bins_16layers_ckpt_with_optimizer.pt vs. Stockfish 1,46,174.10609126091,46,0,,,
1765868692-7089,"[White ""Magnus Carlsen""]
[Black ""Stockfish""]

1. e4 d6 2. d4 e5 3. dxe5 Nc6 4. exd6 Bxd6 5. Nf3 Nf6 6. Bd3 Qe7 7. O-O Bd7 8. Nc3 Ne5 9. Nxe5 Qxe5 10. f4 Qc5+ 11. Kh1 Ng4 12. Qf3 Qh5 13. h3 Qh4 14. e5 O-O-O 15. Be3 Be7 16. Bxa7 f5 17. Bf2 Nxf2+ 18. Qxf2 Qxf2 19. Rxf2 Rhf8 20. Re1 c6 21. Rfe2 Kc7 22. e6 Bc8 23. Bc4 b6 24. Bb3 Rd4 25. Rf2 g6 26. Rfe2 Rxf4 27. Nd1 Rd8 28. Ne3 Re4 29. Nc4 Rdd4 30. Rxe4 Rxe4 31. Rxe4 fxe4 32. Ne3 Bc5 33. Ng4 e3 34. Nxe3 Bxe3 35. Kh2 Bf4+ 36. g3 Bd6 37. Kg2 Kd8 38. Kf3 Ke8 39. g4 Be5 40. h4 Bd6 41. h5 Ke7 42. hxg6 hxg6 43. g5 Bxe6 44. Bxe6 Kxe6 45. Kg4 Be5 46. c3 Bd6 47. b3 Bc7 48. c4 Bd6 49. a4 c5 50. a5 bxa5 51. Kf3 Ke5 52. Kg4 Ke6 53. Kf3 Bc7 54. Kg4 Bd8 55. Kf3 Kf5 56. Ke3 Be7 57. Kd3 Ke6 58. Kc3 Bd6 59. Kb2 Be7 60. Ka3 Bxg5 61. Ka4 Kd6 62. Kxa5 Bh6 63. Kb5 Bg5 64. b4 Be7 65. bxc5+ Ke6 66. c6 Bd6 67. c5 Bc7 68. Ka6 Kd5 69. Kb7 Be5 70. c7 Bxc7 71. Kxc7 g5 72. c6 g4 73. Kd7 g3 74. c7 g2 75. c8=Q g1=Q 76. Qc6+ Ke5 77. Qd6+ Kf5 78. Qe6+ Kf4 79. Qf6+ Kg3 80. Qg6+ Kf2 81. Qxg1+ Ke2 82. Kd6 Kd2 83. Kd5 Kc3 84. Qg3+ Kb2 85. Kd4 Kc1 86. Qf2 Kd1 87. Kd3 Kc1 88. Qc2#",1-0,lichess_200k_bins_16layers_ckpt_with_optimizer.pt,Stockfish 1,,2,1,0,0,0,88,88,False,False,False,False,lichess_200k_bins_16layers_ckpt_with_optimizer.pt vs. Stockfish 1,88,532.993741512299,88,0,,,
1765868845-3541,"[White ""Magnus Carlsen""]
[Black ""Stockfish""]

1. e4 c5 2. Nf3 Nc6 3. d4 Nxd4 4. Nxd4 cxd4 5. Qxd4 a6 6. Nc3 d6 7. Be3 Bd7 8. O-O-O e5 9. Qd2 Nf6 10. f3 Be6 11. g4 Be7 12. h4 h6 13. Be2 Nd7 14. g5 Qa5 15. Kb1 h5 16. f4 exf4 17. Bxf4 Rd8 18. Bxd6 Bxd6 19. Qxd6 Qc5 20. Qxc5 Nxc5 21. Rxd8+ Kxd8 22. Rd1+ Ke7 23. Nd5+ Bxd5 24. exd5 Kd6 25. b4 Ne4 26. Bf3 f5 27. gxf6 Nc3+ 28. Kc1 Nxd1 29. fxg7 Rb8 30. Kxd1 a5 31. a3 Rc8 32. Bxh5 Ra8 33. Bf7 Rc8 34. g8=Q Kc7 35. Qxc8+ Kd6 36. Qe6+ Kc7 37. d6+ Kb8 38. d7 Ka7 39. d8=Q axb4 40.",0-1,lichess_200k_bins_16layers_ckpt_with_optimizer.pt,Stockfish 1,,2,0,1,2,0,39,40,False,False,True,False,lichess_200k_bins_16layers_ckpt_with_optimizer.pt vs. Stockfish 1,40,152.802504062653,40,0,,,
1765868978-8520,"[White ""Magnus Carlsen""]
[Black ""Stockfish""]

1. e4 e5 2. Nf3 Nc6 3. Bc4 Nf6 4. Ng5 d5 5. exd5 Bg4 6. f3 Na5 7. Bb5+ Bd7 8. Bxd7+ Nxd7 9. d3 c6 10. dxc6 bxc6 11. O-O Be7 12. Ne4 f5 13. Ng3 f4 14. Ne4 c5 15. Nbc3 Nc6 16. Nd5 Nf6 17. Ndxf6+ gxf6 18. c3 Qd7 19. Qa4 Rc8 20. Rd1 O-O 21. d4 exd4 22. cxd4 Qf5 23. dxc5 Bxc5+ 24. Nxc5 Qxc5+ 25. Kh1 Qf5 26. Bxf4 Ne5 27. Bxe5 Qxe5 28. Qg4+ Kh8 29. Re1 Qb5 30. b3 h5 31. Qh4 Qa5 32. Re6 Qg5 33. Qxg5 Rfd8 34. Qxh5+ Kg8 35. Rxf6 Rc1+ 36. Rxc1 a6 37. Qg5+ Kh7 38. Rh6#",1-0,lichess_200k_bins_16layers_ckpt_with_optimizer.pt,Stockfish 1,,2,1,0,0,0,38,38,False,False,False,False,lichess_200k_bins_16layers_ckpt_with_optimizer.pt vs. Stockfish 1,38,132.952271223068,38,0,,,
1765869088-8933,"[White ""Magnus Carlsen""]
[Black ""Stockfish""]

1. e4 g6 2. d4 c6 3. Nc3 Bg7 4. Be3 d6 5. Qd2 Nf6 6. f3 Nbd7 7. O-O-O O-O 8. g4 b5 9. h4 Qa5 10. Kb1 b4 11. Nce2 Rb8 12. Nc1 Ba6 13. Bxa6 d5 14. Bd3 c5 15. dxc5 Qa4 16. Nb3 h6 17. g5 Nh5 18. gxh6 Bf6 19. exd5 Kh7 20. Ne2 a5 21. Ned4 Rfd8 22. Nc6 Bxb2 23. Kxb2 Nhf6 24. Nxd8 Nxd5 25. Bc4 N7f6 26. Bxd5 Rxd8 27. Qd4 e6 28. Qxf6 Qxa2+ 29. Kxa2 Re8 30. Qxf7+ Kh8 31. Qxe8+ Kh7 32. Qf7+ Kh8 33. Bd4+ e5 34. Bxe5#",1-0,lichess_200k_bins_16layers_ckpt_with_optimizer.pt,Stockfish 1,,2,1,0,2,0,33,34,False,False,False,False,lichess_200k_bins_16layers_ckpt_with_optimizer.pt vs. Stockfish 1,34,110.39987039566,34,0,,,
1765869525-6320,"[White ""Magnus Carlsen""]
[Black ""Stockfish""]

1. e4 c5 2. Nf3 Nc6 3. d4 Nxd4 4. Nxd4 cxd4 5. Qxd4 b6 6. Bc4 e6 7. O-O Ne7 8. Nc3 a6 9. Bg5 Qc7 10. Rad1 Ng6 11. Bb3 Bb7 12. f4 Bc5 13. Qxc5 Qxc5+ 14. Kh1 Ne7 15. f5 b5 16. fxe6 dxe6 17. Bxe7 Qe5 18. Bd6 Qh5 19. Rf3 Rd8 20. Rfd3 Rxd6 21. Rxd6 Qg5 22. Rd7 Bc8 23. Rc7 O-O 24. Rf1 Qd8 25. Ra7 Qb6 26. Raxf7 Rxf7 27. Rxf7 g5 28. Rf6 Kg7 29. Rf1 Qe3 30. h3 g4 31. hxg4 Bd7 32. Rf3 Qe1+ 33. Kh2 Qh4+ 34. Rh3 Qf6 35. Rf3 Qh6+ 36. Kg1 Qh4 37. Rh3 Qe1+ 38. Kh2 a5 39. a3 Qf2 40. Rf3 Qd2 41. Rd3 Qf2 42. Rxd7+ Kf8 43. Rd3 Ke7 44. Rf3 Qh4+ 45. Kg1 Qg5 46. Kf2 h6 47. Rg3 a4 48. Ba2 Qc1 49. Re3 Qxb2 50. Bb1 b4 51. axb4 Qc1 52. b5 Kd7 53. b6 Qd2+ 54. Kf3 Qc1 55. Nxa4 Qf1+ 56. Kg3 Qxb1 57. Nc5+ Kc6 58. b7 Kxc5 59. Rb3 Qe1+ 60. Kh2 Qh4+ 61. Kg1 Kc4 62. b8=Q Qe1+ 63. Kh2 Qxe4 64. Qb5+ Kd4 65. Rb4+ Ke3 66. Rxe4+ Kxe4 67. Qc4+ Ke5 68. Qd3 h5 69. c4 hxg4 70. c5 Kf4 71. c6 e5 72. c7 Kg5 73. c8=Q g3+ 74. Kxg3 Kh6 75. Qg4 e4 76. Qd6+ Kh7 77. Qdg6+ Kh8 78. Q4h5#",1-0,lichess_200k_bins_16layers_ckpt_with_optimizer.pt,Stockfish 1,,2,1,0,0,0,78,78,False,False,False,False,lichess_200k_bins_16layers_ckpt_with_optimizer.pt vs. Stockfish 1,78,436.197377681732,78,0,,,
1765869876-5365,"[White ""Magnus Carlsen""]
[Black ""Stockfish""]

1. e4 e6 2. d4 d5 3. e5 h6 4. Nf3 a6 5. Bd3 c5 6. c3 Nc6 7. O-O Bd7 8. Be3 cxd4 9. cxd4 Nb4 10. Nc3 Nxd3 11. Qxd3 Bb4 12. a3 Bxc3 13. bxc3 Bb5 14. Qd2 Ne7 15. Rfb1 Nf5 16. a4 Nxe3 17. fxe3 Bc6 18. Qb2 O-O 19. Qb4 Qd7 20. Qd6 Qxd6 21. exd6 Rad8 22. Ne5 Rxd6 23. Nxc6 bxc6 24. Rb6 a5 25. Rab1 Ra8 26. Rb8+ Rxb8 27. Rxb8+ Kh7 28. Ra8 c5 29. Rxa5 cxd4 30. cxd4 Rb6 31. Ra7 Rb4 32. a5 f6 33. a6 Rb3 34. Kf2 Rb6 35. Ra8 Kg6 36. a7 Rb7 37. Kf3 e5 38. dxe5 fxe5 39. e4 d4 40. Ke2 Rf7 41. Kd3 Rd7 42. g3 Kg5 43. h3 Rf7 44. Kc4 h5 45. Kd5 d3 46. Kxe5 Rd7 47. Rf8 Re7+ 48. Kd4 d2 49. a8=Q d1=Q+ 50. Ke3 Qg1+ 51. Kf3 Qf1+ 52. Ke3 Qe1+ 53. Kf3 Qc3+ 54. Ke2 Qxg3 55. Qd5+ Re5 56. Qd8+ Kh6 57. Rh8+ Kg6 58. Qd6+ Kg5 59. Qd2+ Kh4 60. Qd4 Qf4 61. Qf2+ Qg3 62. Qf4+ Qxf4 63. Rxh5+ Rxh5 64. Kd3 Qf2 65. Kc4 Rc5+ 66. Kd3 Kg3 67. e5 Kf4 68. e6 Qe3#",0-1,lichess_200k_bins_16layers_ckpt_with_optimizer.pt,Stockfish 1,,2,0,1,0,0,68,68,False,False,False,False,lichess_200k_bins_16layers_ckpt_with_optimizer.pt vs. Stockfish 1,69,351.022572994232,68,0,,,
1765870131-7751,"[White ""Magnus Carlsen""]
[Black ""Stockfish""]

1. e4 c5 2. Nf3 Nc6 3. d4 Nf6 4. d5 Na5 5. Bd2 Nxe4 6. Bxa5 Qxa5+ 7. c3 Nf6 8. Bc4 d6 9. O-O a6 10. Re1 Qd8 11. Nbd2 Bd7 12. Ne4 b5 13. Nxf6+ gxf6 14. Bd3 h5 15. Nh4 Bh6 16. Qf3 Kf8 17. Nf5 Bxf5 18. Qxf5 Qc8 19. Qxc8+ Rxc8 20. Re2 c4 21. Bc2 Rg8 22. Rae1 Re8 23. Bf5 Rg5 24. Bd7 Rd8 25. Bc6 Rb8 26. Rxe7 Re5 27. R7xe5 h4 28. Re8+ Kg7 29. Rxb8 a5 30. Ree8 Bg5 31. Rg8+ Kh6 32. Rh8+ Kg6 33. Rbg8+ Kf5 34. Bd7+ Kf4 35. g3+ Ke5 36. f4+ Kxd5 37. fxg5 Kc5 38. gxf6 Kd5 39. Rg5+ Ke4 40. Rxh4+ Ke3 41. Rf5 Kd2 42. Rf2+ Kd1 43. Rd4+ Kc1 44. Re4 Kb1 45. Re1+ Kxa2 46. Re3 d5 47. Ree2 d4 48. Re1 d3 49. Rd2 b4 50. Rxd3 Kxb2 51. Rd2+ Kxc3 52. Re3+ Kxd2 53. Re2+ Kxe2 54. Bb5 Kd3 55. Bxc4+ Kxc4 56.",0-1,lichess_200k_bins_16layers_ckpt_with_optimizer.pt,Stockfish 1,,2,0,1,1,0,55,56,False,False,True,False,lichess_200k_bins_16layers_ckpt_with_optimizer.pt vs. Stockfish 1,56,255.398461818695,56,0,,,
1765870333-1955,"[White ""Magnus Carlsen""]
[Black ""Stockfish""]

1. e4 c5 2. Nf3 e6 3. d4 cxd4 4. Nxd4 Bc5 5. Nb3 Bb6 6. Nc3 Qh4 7. g3 Qe7 8. Bg2 h6 9. O-O d6 10. Bf4 e5 11. Nd5 Qd8 12. Be3 Bxe3 13. Nxe3 Nc6 14. Nd5 Nge7 15. c4 Nxd5 16. cxd5 Ne7 17. Rc1 Bd7 18. Qd2 O-O 19. Qb4 Qb8 20. Na5 Rc8 21. Nxb7 a5 22. Qb6 Bg4 23. f3 Bd7 24. Rxc8+ Bxc8 25. Nxd6 Qxb6+ 26. Kh1 Qxd6 27. Rc1 Qb8 28. b3 Kh8 29. Bf1 Bb7 30. Bc4 Ng6 31. Kg2 Qf8 32. Rd1 Qg8 33. d6 Bc6 34. d7 Ne7 35. Rd6 Qd8 36. Bxf7 Bxd7 37. Bc4 Bh3+ 38. Kxh3 Qf8 39. Kg2 g5 40. Re6 Ra7 41. Rxe5 Kg7 42. Re6 Ra8 43. Ra6 Rxa6 44. Bxa6 Qd8 45. Bc4 Qd2+ 46. Kh3 h5 47. g4 hxg4+ 48. Kxg4 Qf4+ 49. Kh3 Qxf3#",0-1,lichess_200k_bins_16layers_ckpt_with_optimizer.pt,Stockfish 1,,2,0,1,0,0,49,49,False,False,False,False,lichess_200k_bins_16layers_ckpt_with_optimizer.pt vs. Stockfish 1,50,202.394050359726,49,0,,,
1765870890-6845,"[White ""Magnus Carlsen""]
[Black ""Stockfish""]

1. e4 d5 2. exd5 Qxd5 3. Nc3 Qd8 4. Nf3 e6 5. Bc4 Be7 6. d3 Nf6 7. Bg5 c5 8. Bxf6 gxf6 9. O-O Nc6 10. Re1 a6 11. a4 Bd7 12. Ne4 Qb6 13. b3 Qc7 14. Ng3 h5 15. h4 O-O-O 16. Ne4 Rdg8 17. g3 Kb8 18. Kf1 Rg6 19. Ke2 Rhg8 20. Kd2 Rd8 21. Kc1 f5 22. Neg5 Rf8 23. Kb2 Rg7 24. Qd2 Rd8 25. Qc3 Bf8 26. Ne5 Bc8 27. Nxc6+ Qxc6 28. Qe5+ Qd6 29. Qxd6+ Bxd6 30. Re2 f4 31. gxf4 Bxf4 32. Nf3 Kc7 33. Rg1 Rg4 34. Rxg4 hxg4 35. Ng5 Rh8 36. Nxf7 Rh5 37. Re4 Rf5 38. Bxe6 Bxe6 39. Rxe6 Rxf7 40. Rg6 Be5+ 41. Ka2 Bd4 42. Rxg4 Kb6 43. Rg2 Rf6 44. h5 Kc6 45. h6 Kd6 46. h7 Rf8 47. Rg8 Rf7 48. h8=Q Bxh8 49. Rxh8 Rxf2 50. Rh6+ Kc7 51. Rh7+ Kb6 52. Rh6+ Kc7 53. Rh7+ Kc8 54. Rh8+ Kc7 55. Rh7+ Kc8 56. Rh8+ Kd7 57. Rh7+ Kd6 58. Rh6+ Ke5 59. Rh5+ Kd6 60. Rh6+ Ke7 61. Rh7+ Kd6 62. Rh6+ Kd7 63. Rh7+ Kc8 64. Rh8+ Kd7 65. Rh7+ Kc8 66. Rh8+ Kd7 67. Rh7+ Kc6 68. Rh6+ Kc7 69. Rh7+ Kb6 70. Rh6+ Ka5 71. Rh5 Rxc2+ 72. Kb1 Rc3 73. Kb2 Kb4 74. Rh4+ c4 75. Rxc4+ Rxc4 76. dxc4 Kc5 77. Kc3 a5 78. Kd3 Kd6 79. Kd4 b6 80. Kc3 Kc5 81. Kd3 Kc6 82. Kd4 Kd6 83. Kc3 Kc5 84. Kd3 Kb4 85. Kc2 Ka3 86. Kc3 Ka2 87. b4 Kb1 88. bxa5 Ka1 89. axb6 Ka2 90. b7 Ka1",,lichess_200k_bins_16layers_ckpt_with_optimizer.pt,Stockfish 1,,2,-10000000000,-10000000000,0,0,90,90,False,False,False,False,lichess_200k_bins_16layers_ckpt_with_optimizer.pt vs. Stockfish 1,91,556.518013000488,90,0,,,
1765871027-2930,"[White ""Magnus Carlsen""]
[Black ""Stockfish""]

1. e4 e6 2. d4 d5 3. e5 Bd7 4. Nf3 c5 5. c3 Ne7 6. Bd3 cxd4 7. cxd4 Nf5 8. Bxf5 exf5 9. O-O Be6 10. Nc3 Qb6 11. Qa4+ Nc6 12. Be3 h6 13. Rab1 Qa5 14. Qxa5 Nxa5 15. Nb5 Kd7 16. Rfc1 a6 17. Nc7 Rc8 18. Nxe6 Rxc1+ 19. Rxc1 g5 20. Nxf8+ Rxf8 21. b3 Rc8 22. Rxc8 g4 23. Nh4 Nc6 24. Rh8 Nb4 25. a3 b5 26. axb4 g3 27. hxg3 Ke7 28. Rxh6 Kf8 29. Rxa6 f4 30. Bxf4 Kg7 31. Rb6 Kh7 32. Rxb5 Kh8 33. Rxd5 Kg7 34. b5 Kg8 35. b6 f5 36. b7 Kh7 37. b8=Q Kg7 38. Qb6 Kg8 39. Rd7 Kh8 40. Qb8#",1-0,lichess_200k_bins_16layers_ckpt_with_optimizer.pt,Stockfish 1,,2,1,0,0,0,40,40,False,False,False,False,lichess_200k_bins_16layers_ckpt_with_optimizer.pt vs. Stockfish 1,40,137.326965093613,40,0,,,
1765871266-4244,"[White ""Magnus Carlsen""]
[Black ""Stockfish""]

1. e4 e5 2. Nf3 d5 3. exd5 Nf6 4. Nc3 e4 5. Ng5 c6 6. dxc6 Bd6 7. Ngxe4 Nxe4 8. Nxe4 Bc7 9. Bc4 Nxc6 10. O-O h6 11. Re1 O-O 12. d3 Rb8 13. Be3 b5 14. Bb3 Re8 15. Qf3 Re7 16. Bc5 Bxh2+ 17. Kxh2 Nd4 18. Bxe7 Nxf3+ 19. gxf3 Qd7 20. Bh4 Qh3+ 21. Kg1 Qxh4 22. Ng3 Bb7 23. Re3 g6 24. Rae1 Kf8 25. Ne4 Rd8 26. Nc5 Qg5+ 27. Kf1 Ba8 28. Ne4 Qe7 29. Ng3 Qh4 30. Ke2 Qf4 31. Ne4 a5 32. a3 h5 33. Nc5 h4 34. Ne4 h3 35. Rh1 Qh4 36. Ng3 Bb7 37. Re4 Bxe4 38. fxe4 Ke7 39. Ke3 Rh8 40. Ke2 a4 41. Bd5 h2 42. Kf3 Qg5 43. Kg2 Rh6 44. Rxh2 Qc1 45. Rxh6 Qxh6 46. Ne2 Qh5 47. Nf4 Qe5 48. Kf3 Qf6 49. Ke3 g5 50. Ne2 g4 51. Ng3 Qf3+ 52. Kd2 Qxf2+ 53. Ne2 Qg2 54. Ke3 g3 55. Nf4 Qf2#",0-1,lichess_200k_bins_16layers_ckpt_with_optimizer.pt,Stockfish 1,,2,0,1,0,0,55,55,False,False,False,False,lichess_200k_bins_16layers_ckpt_with_optimizer.pt vs. Stockfish 1,56,239.1684653759,55,0,,,
1765871790-5111,"[White ""Magnus Carlsen""]
[Black ""Stockfish""]

1. e4 Nc6 2. Nf3 d5 3. exd5 Na5 4. Nc3 Nf6 5. Bb5+ Nd7 6. O-O a6 7. Ba4 b5 8. Bb3 Bb7 9. d4 g6 10. Bf4 Nf6 11. Be5 Nxb3 12. axb3 Bg7 13. Re1 Bxd5 14. Nxd5 Qxd5 15. Bxc7 e6 16. c4 Qc6 17. Be5 O-O 18. Qd3 Rfd8 19. Rad1 Rac8 20. h3 Qb7 21. Qe3 bxc4 22. bxc4 Rxc4 23. Qg5 h6 24. Qxf6 Bxf6 25. Bxf6 Rd5 26. Ne5 Rc7 27. Ng4 h5 28. Ne3 Rd6 29. Be5 Rcd7 30. Bxd6 Rxd6 31. Nc4 Rd8 32. Ne5 Rd5 33. Re3 Qxb2 34. Rf3 Qe2 35. Rdd3 h4 36. Rxf7 Qxd3 37. Nxd3 Kxf7 38. Ne5+ Rxe5 39. dxe5 a5 40. Kf1 a4 41. Ke2 a3 42. Kd2 a2 43. Kc2 a1=Q 44. Kd3 Qxe5 45. Kd2 Ke8 46. Kd3 Qc5 47. Ke2 Qd5 48. Ke3 Qe5+ 49. Kf3 Qf6+ 50. Ke2 Qf5 51. Ke3 Qa5 52. Ke2 Qa2+ 53. Ke3 Qc4 54. Kf3 Qd4 55. Ke2 Qd5 56. Ke3 Qc6 57. Ke2 Qc1 58. Kf3 Qc7 59. Ke2 Qc1 60. Kf3 Qc4 61. Ke3 g5 62. Kf3 Qd3+ 63. Kg4 Qf1 64. Kxg5 e5 65. Kxh4 Qxf2+ 66. Kg4 Qf4+ 67. Kh5 Qf2 68. Kg4 Qxg2+ 69. Kh4 e4 70. Kh5 e3 71. Kh4 Kf7 72. Kh5 Qxh3+ 73. Kg5 Ke7 74. Kf4 Kf7 75. Ke4 e2 76. Kd4 Ke7 77. Kc4 Qe3 78. Kb4 Qd3 79. Ka4 Qh3 80. Kb4 Qd3 81. Ka4 Qf3 82. Kb4 Qg3 83. Ka4 Qe3 84. Kb4 Qf3 85. Ka4 Qh3 86. Kb4 Qg3 87. Ka4 Qh3 88. Kb4 Kd6 89. Ka4 e1=Q 90. Kb5 Qb3+",,lichess_200k_bins_16layers_ckpt_with_optimizer.pt,Stockfish 1,,2,-10000000000,-10000000000,0,0,90,90,False,False,False,False,lichess_200k_bins_16layers_ckpt_with_optimizer.pt vs. Stockfish 1,91,523.668446540833,90,0,,,
1765871942-9590,"[White ""Magnus Carlsen""]
[Black ""Stockfish""]

1. e4 e5 2. Nf3 Nf6 3. Nc3 d6 4. Bc4 Nc6 5. d3 Na5 6. Bb3 c6 7. Bg5 h6 8. Bh4 g5 9. Bg3 g4 10. Nh4 Be7 11. Nf5 Nxb3 12. axb3 Rg8 13. Nxh6 Rg5 14. Nf5 Rg6 15. Nxe7 Kxe7 16. Qd2 Qb6 17. O-O Nh7 18. Kh1 Ng5 19. f4 exf4 20. Bxf4 f6 21. Bxg5 fxg5 22. Rf2 g3 23. Rf3 g4 24. Rxg3 Bd7 25. Rf1 Qd4 26. Qf4 a5 27. Qf7+ Kd8 28. Rf4 Qe5 29. Rf5 Qxg3 30. hxg3 Bxf5 31. exf5 Rh6+ 32. Kg1 a4 33. Nxa4 b5 34. Nb6 Ra1+ 35. Kf2 Ra7 36. Qxa7 Rh7 37. Qxh7 Ke8 38. Qd7+ Kf8 39. Qxd6+ Kg8 40. Qxc6 Kh7 41. Qg6+ Kh8 42. Nd7 b4 43. Nf6",1/2-1/2,lichess_200k_bins_16layers_ckpt_with_optimizer.pt,Stockfish 1,,2,0.5,0.5,0,0,43,43,False,False,False,False,lichess_200k_bins_16layers_ckpt_with_optimizer.pt vs. Stockfish 1,43,151.969228506088,43,0,,,
1765872318-1601,"[White ""Magnus Carlsen""]
[Black ""Stockfish""]

1. e4 e5 2. Nf3 d6 3. Bc4 Nc6 4. d3 Be7 5. Nc3 h6 6. Nd5 Na5 7. Nxe7 Nxe7 8. Bb3 b5 9. Bd2 Nxb3 10. axb3 O-O 11. O-O Bg4 12. h3 Bd7 13. Be3 f5 14. exf5 Nd5 15. Bd2 Bxf5 16. c4 Nb6 17. cxb5 Bxd3 18. Re1 Qd7 19. Be3 Qxb5 20. Bxb6 axb6 21. Rxa8 Rxa8 22. Qd2 Bh7 23. Qc3 Qc5 24. Qxc5 bxc5 25. Re3 Ra2 26. Re2 Ra7 27. Nd2 Bf5 28. Nc4 Kf7 29. g4 Bb1 30. f3 Bg6 31. Kf2 Kf6 32. Kg3 Rb7 33. Na5 Rb5 34. Nc6 Rxb3 35. Na5 Rd3 36. Nc4 Bh7 37. Na5 Bg8 38. Nc6 Rb3 39. Na5 Rb5 40. Nc6 Bd5 41. Na7 Rb7 42. Nc8 Rb8 43. Na7 g5 44. h4 Rb3 45. Rf2 Ke6 46. hxg5 hxg5 47. Nc8 Kd7 48. Na7 e4 49. Kg2 exf3+ 50. Kg3 c6 51. Rh2 Be4 52. Rf2 Rd3 53. Nxc6 Kxc6 54. Kh2 c4 55. Kg3 Kc5 56. Kh2 Kc6 57. Kg3 d5 58. Kh2 Kb5 59. Kg3 Kb4 60. Kh2 Rd1 61. Kg3 Kc5 62. Kh2 Kd4 63. Kg3 Ke3 64. Rh2 d4 65. Rf2 d3 66. Rh2 d2 67. Rxd2 Re1 68. Rd3+ cxd3 69. Kh2 d2 70. Kg3 d1=Q 71. Kh2 Rh1+ 72. Kg3 Re1 73. Kh2 Qe2+ 74. Kg3 Rh1 75. b4 Qh2#",0-1,lichess_200k_bins_16layers_ckpt_with_optimizer.pt,Stockfish 1,,2,0,1,0,0,75,75,False,False,False,False,lichess_200k_bins_16layers_ckpt_with_optimizer.pt vs. Stockfish 1,76,375.500742912293,75,0,,,
1765872409-7426,"[White ""Magnus Carlsen""]
[Black ""Stockfish""]

1. e4 e6 2. d4 Nf6 3. e5 Ne4 4. Bd3 Qh4 5. g3 Bb4+ 6. c3 Qe7 7. Bxe4 Nc6 8. cxb4 d5 9. Bd3 Nxd4 10. Be3 Nf5 11. Bxf5 d4 12. Bxd4 exf5 13. Nf3 f4 14. gxf4 Bf5 15. Nc3 O-O-O 16. Qa4 a6 17. O-O-O Qe6 18. Ng5 Qe8 19. Qxe8 Be6 20. Qxf7 Bxa2 21. Qxa2 c6 22. Nf7 h5 23. Nxh8 Kb8 24. Nf7 Re8 25. Nd6 c5 26. Nxe8 cxd4 27. Rxd4 g5 28. Rd8+ Ka7 29. Qd5 g4 30. Qc5+ b6 31. Qc7+",1-0,lichess_200k_bins_16layers_ckpt_with_optimizer.pt,Stockfish 1,,2,1,0,0,0,31,31,False,False,False,False,lichess_200k_bins_16layers_ckpt_with_optimizer.pt vs. Stockfish 1,31,91.4297444820404,31,0,,,
1765872483-4823,"[White ""Magnus Carlsen""]
[Black ""Stockfish""]

1. e4 d5 2. exd5 Nf6 3. Nc3 Nxd5 4. Nxd5 e6 5. Nc3 e5 6. Nf3 Bg4 7. Be2 Qe7 8. O-O e4 9. Nd4 h5 10. Bxg4 c5 11. Nf5 hxg4 12. Nxe7 Bxe7 13. Qxg4 f5 14. Qxg7 Rxh2 15. Kxh2 Na6 16. Qg8+ Bf8 17. Qg6+ Kd7 18. Qxf5+ Kd8 19. Qxf8+ Kd7 20. Qxa8 b5 21. Qxa7+ Nc7 22. Qxc5 Kc8 23. Nxb5 Kd8 24. Qxc7+ Ke8 25. Nd6+ Kf8 26. Qf7+",1-0,lichess_200k_bins_16layers_ckpt_with_optimizer.pt,Stockfish 1,,2,1,0,0,0,26,26,False,False,False,False,lichess_200k_bins_16layers_ckpt_with_optimizer.pt vs. Stockfish 1,26,74.0300934314728,26,0,,,
1765872683-7759,"[White ""Magnus Carlsen""]
[Black ""Stockfish""]

1. e4 g6 2. d4 e6 3. Nf3 d6 4. Bd3 h6 5. O-O Bg7 6. c3 a5 7. Be3 b6 8. Nbd2 Ne7 9. Qc2 Nd7 10. Rad1 O-O 11. Rfe1 a4 12. a3 Kh8 13. Nf1 Bb7 14. Ng3 Nf6 15. Qd2 Kh7 16. h3 Nfg8 17. Nh2 Qc8 18. f4 Qd7 19. Nf3 Kh8 20. Rf1 Qe8 21. f5 Kh7 22. fxg6+ Nxg6 23. e5 Qe7 24. Nh5 Bxf3 25. Rxf3 Qh4 26. Nxg7 Kxg7 27. Rdf1 dxe5 28. dxe5 N8e7 29. Rf6 Rad8 30. Bxh6+ Qxh6 31. Qxh6+ Kxh6 32. Bxg6 Nxg6 33. Rxf7 c5 34. Rb7 Rxf1+ 35. Kxf1 Kg5 36. Rxb6 Nf4 37. Rb5 Nd3 38. Ke2 Kf5 39. g4+ Kf4 40. Rb7 Nxe5 41. Re7 Rb8 42. Rxe6 Rxb2+ 43. Kd1 Ke4 44. g5 Rg2 45. h4 Kd5 46. Ra6 Kc4 47. Rxa4+ Kd3 48. Ke1 Ke3 49. Kf1 Rf2+ 50. Kg1 Nf3+ 51. Kh1 Rh2#",0-1,lichess_200k_bins_16layers_ckpt_with_optimizer.pt,Stockfish 1,,2,0,1,0,0,51,51,False,False,False,False,lichess_200k_bins_16layers_ckpt_with_optimizer.pt vs. Stockfish 1,52,200.521852016449,51,0,,,
1765872761-1071,"[White ""Magnus Carlsen""]
[Black ""Stockfish""]

1. e4 c5 2. Nf3 d6 3. d4 Bd7 4. dxc5 Bc6 5. cxd6 exd6 6. Nc3 Nd7 7. Bb5 Qc7 8. Bxc6 bxc6 9. O-O Ngf6 10. Bg5 h6 11. Bxf6 Nxf6 12. Re1 Rd8 13. e5 dxe5 14. Rxe5+ Be7 15. Qe2 Kf8 16. Re1 Bd6 17. Re3 g6 18. Ne4 Nxe4 19. Rxe4 Kg7 20. Ne5 Rhe8 21. Qf3 Rxe5 22. Rxe5 Bxe5 23. Qe4 Bxb2 24. Qe7 Qxe7 25. Rxe7 Rd1+ 26. Re1 Rxe1#",0-1,lichess_200k_bins_16layers_ckpt_with_optimizer.pt,Stockfish 1,,2,0,1,0,0,26,26,False,False,False,False,lichess_200k_bins_16layers_ckpt_with_optimizer.pt vs. Stockfish 1,27,77.182900428772,26,0,,,
1765872822-2765,"[White ""Magnus Carlsen""]
[Black ""Stockfish""]

1. e4 e5 2. Nf3 d5 3. exd5 e4 4. Nd4 c6 5. dxc6 Qxd4 6. cxb7 Bxb7 7. Bb5+ Kd8 8. O-O Nf6 9. c3 Qb6 10. Bc4 Ke8 11. d4 Bd6 12. Bg5 Nbd7 13. Nd2 Qa5 14. Bh4 Qf5 15. Bg3 Bf4 16. Bxf4 Qxf4 17. Re1 Ng4 18. g3 Qxf2+ 19. Kh1 e3+ 20. Ne4 Bxe4+ 21.",0-1,lichess_200k_bins_16layers_ckpt_with_optimizer.pt,Stockfish 1,,2,0,1,5,0,20,21,False,False,True,False,lichess_200k_bins_16layers_ckpt_with_optimizer.pt vs. Stockfish 1,21,61.4289393424988,21,0,,,
1765872994-8238,"[White ""Magnus Carlsen""]
[Black ""Stockfish""]

1. e4 d5 2. exd5 Nf6 3. Nc3 Nxd5 4. Nxd5 Qxd5 5. Nf3 e5 6. d3 Bf5 7. Be2 Nc6 8. O-O f6 9. c4 Qd7 10. a3 Rd8 11. b4 a6 12. Bb2 Bxd3 13. Bxd3 Qxd3 14. Qxd3 Rxd3 15. Rad1 Rd7 16. Rxd7 Kxd7 17. Rd1+ Ke6 18. b5 axb5 19. cxb5 Nb8 20. Rd8 b6 21. Rxb8 g6 22. Rc8 Bg7 23. Rxc7 Bf8 24. Rc6+ Kd5 25. Rxb6 Be7 26. a4 Ra8 27. Ra6 Rc8 28. h3 Rc2 29. Ba3 Bxa3 30. Rxf6 Bc5 31. b6 Rc1+ 32. Kh2 e4 33. Ng5 Be7 34. Rf7 Bd6+ 35. g3 Rc2 36. b7 Rb2 37. a5 Bc5 38. a6 h6 39. Nh7 e3 40. Rd7+ Ke6 41. Rd8 Ke7 42. b8=Q Rxf2+ 43. Kg1 Ke6 44. Qb3+ Ke5 45. Qc3+ Ke6 46. Qxc5 Rf6 47. Qxe3+ Kf5 48. Rd5#",1-0,lichess_200k_bins_16layers_ckpt_with_optimizer.pt,Stockfish 1,,2,1,0,0,0,48,48,False,False,False,False,lichess_200k_bins_16layers_ckpt_with_optimizer.pt vs. Stockfish 1,48,171.983493566513,48,0,,,
1765873245-2164,"[White ""Magnus Carlsen""]
[Black ""Stockfish""]

1. e4 Nc6 2. Nf3 d5 3. exd5 Qxd5 4. Nc3 Qa5 5. Bb5 e6 6. O-O a6 7. Bxc6+ bxc6 8. d4 Qh5 9. Ne5 Nf6 10. Qxh5 Nxh5 11. Nxc6 Bb7 12. Ne5 Be7 13. Be3 Nf6 14. Rad1 Nd5 15. Nxd5 exd5 16. c4 f6 17. Nf3 Bd8 18. c5 Bc6 19. Rfe1 Kf7 20. Bf4 a5 21. Re2 Bb5 22. Re3 a4 23. Rde1 Ra7 24. Nh4 g6 25. Nf3 h5 26. h4 Bd7 27. Nd2 Rb7 28. b3 axb3 29. axb3 Rf8 30. Nb1 Re8 31. Rxe8 Bxe8 32. Nc3 Bc6 33. Rb1 Rb4 34. Be3 Ke6 35. Na2 Rb7 36. b4 Bd7 37. Nc3 c6 38. b5 Ba5 39. b6 Bxc3 40. Rb3 Ba5 41. Ra3 Bxb6 42. cxb6 Ke7 43. Ra7 Rxa7 44. bxa7 g5 45. a8=Q g4 46. Qa3+ Kf7 47. Qd6 Be6 48. Qxc6 Kg7 49. Qxe6 Kh8 50. Qxd5 Kg7 51. Qf5 g3 52. fxg3 Kh8 53. Qxf6+ Kg8 54. Qg5+ Kf7 55. Qxh5+ Kg8 56. Qg5+ Kf7 57. h5 Ke8 58. h6 Kf8 59. h7 Kf7 60. h8=Q Ke6 61. Qhh6+ Kd7 62. Qgg7+ Kc8 63. Qhh8#",1-0,lichess_200k_bins_16layers_ckpt_with_optimizer.pt,Stockfish 1,,2,1,0,0,0,63,63,False,False,False,False,lichess_200k_bins_16layers_ckpt_with_optimizer.pt vs. Stockfish 1,63,251.218512058258,63,0,,,
1765873358-9284,"[White ""Magnus Carlsen""]
[Black ""Stockfish""]

1. e4 c5 2. Nf3 e6 3. d4 d5 4. exd5 Qxd5 5. Nc3 Qd8 6. Bb5+ Bd7 7. Bxd7+ Qxd7 8. O-O Nf6 9. Bg5 Be7 10. dxc5 Qxd1 11. Raxd1 Nc6 12. Nb5 Rb8 13. Bf4 Rd8 14. Nd6+ Bxd6 15. Bxd6 Rg8 16. c3 h6 17. b4 g5 18. b5 Na5 19. Ne5 Rc8 20. c6 h5 21. cxb7 Nxb7 22. Bb4 g4 23. Rd2 Rg5 24. Nc6 a5 25. Be7 Rf5 26. c4 Nd5 27. cxd5 e5 28. d6 Rxc6 29. bxc6 Nxd6 30. Bxd6 h4 31. c7 f6 32. c8=Q+ Kf7 33. Qxf5 a4 34. Bxe5 Kg8 35. Qxf6 Kh7 36. Rd7+ Kg8 37. Qd8#",1-0,lichess_200k_bins_16layers_ckpt_with_optimizer.pt,Stockfish 1,,2,1,0,0,0,37,37,False,False,False,False,lichess_200k_bins_16layers_ckpt_with_optimizer.pt vs. Stockfish 1,37,112.356189966202,37,0,,,
1765873600-5026,"[White ""Magnus Carlsen""]
[Black ""Stockfish""]

1. e4 a6 2. d4 e6 3. Nf3 Nf6 4. Bd3 d6 5. O-O Nbd7 6. c4 h6 7. Nc3 c5 8. d5 e5 9. Ne1 g6 10. f4 Qe7 11. f5 b6 12. fxg6 fxg6 13. Qf3 Qh7 14. Qg3 Qg7 15. Nf3 Rb8 16. Nh4 Be7 17. Nxg6 Rg8 18. Nxe7 Qxg3 19. hxg3 Kxe7 20. Bxh6 Nh7 21. Rf3 Ng5 22. Bxg5+ Rxg5 23. Raf1 Rg6 24. Rf7+ Ke8 25. Ne2 Rb7 26. Rh7 Rb8 27. Rff7 Nf8 28. Re7+ Kd8 29. Rc7 b5 30. cxb5 Nxh7 31. Rxh7 Rg8 32. bxa6 Rxb2 33. a7 Bb7 34. Ba6 Ba8 35. Nc3 Rb6 36. Bb5 Kc8 37. Bc6 Rxc6 38. dxc6 c4 39. Nb5 Rg4 40. Nxd6+ Kd8 41. Rh8+ Kc7 42. Rxa8 Rf4 43. Rc8+ Kxd6 44. a8=Q Rf7 45. Rd8+ Kc7 46. Rc8+ Kb6 47. Rb8+ Kc5 48. Rb5+ Kd6 49. Rd5+ Ke7 50. Qb7+ Kf6 51. Qxf7+ Kxf7 52. Rxe5 Kg6 53. Rc5 Kf7 54. Rxc4 Kf6 55. Rd4 Ke6 56. Rd5 Kf7 57. c7 Kg6 58. c8=Q Kg7 59. Qc6 Kh8 60. Rd7 Kg8 61. Qc8#",1-0,lichess_200k_bins_16layers_ckpt_with_optimizer.pt,Stockfish 1,,2,1,0,0,0,61,61,False,False,False,False,lichess_200k_bins_16layers_ckpt_with_optimizer.pt vs. Stockfish 1,61,242.384828090668,61,0,,,
1765873672-5766,"[White ""Magnus Carlsen""]
[Black ""Stockfish""]

1. e4 e5 2. Nf3 d5 3. exd5 Nf6 4. Nc3 e4 5. Ng5 Be7 6. Ngxe4 O-O 7. Nxf6+ Kh8 8. Nfe4 f5 9. Ng3 f4 10. Nge4 c6 11. dxc6 f3 12. gxf3 b5 13. Bxb5 Qb6 14. d3 Bh3 15. Be3 Qd8 16. Qe2 a6 17. Bc4 Nxc6 18. O-O-O Qa5 19. Rhg1 Rab8 20. Bb3 Bf5 21. Nd5 Rxb3 22. Nxe7 Nxe7 23. axb3 Bg4 24. fxg4 Nd5 25. Bd2 Qa1#",0-1,lichess_200k_bins_16layers_ckpt_with_optimizer.pt,Stockfish 1,,2,0,1,0,0,25,25,False,False,False,False,lichess_200k_bins_16layers_ckpt_with_optimizer.pt vs. Stockfish 1,26,72.2532465457916,25,0,,,
1765873752-4251,"[White ""Magnus Carlsen""]
[Black ""Stockfish""]

1. e4 e5 2. Nf3 Qe7 3. Bc4 Nf6 4. Nc3 Qc5 5. d3 Qa5 6. Bd2 Be7 7. Nd5 Qa4 8. Nxc7+ Kf8 9. Nxa8 Nxe4 10. dxe4 d5 11. Bxd5 Nc6 12. Bxc6 Qxc6 13. Nxe5 Qe6 14. Bc3 Qh6 15. Qf3 f5 16. exf5 Rg8 17. O-O Qc6 18. Nxc6 Bd6 19. Nxa7 Bxh2+ 20. Kxh2 b6 21. Nxc8 b5 22. Nc7 Rh8 23. Ne6+ Ke8 24. Nxg7+ Kf7 25. Nh5 Re8 26. Rfe1 Rd8 27. Rad1 Rxd1 28. Rxd1 Ke8 29. Qe4+ Kf7 30. Qe6+ Kf8 31. Rd8+",1-0,lichess_200k_bins_16layers_ckpt_with_optimizer.pt,Stockfish 1,,2,1,0,0,0,31,31,False,False,False,False,lichess_200k_bins_16layers_ckpt_with_optimizer.pt vs. Stockfish 1,31,79.2170684337616,31,0,,,
1765874148-4140,"[White ""Magnus Carlsen""]
[Black ""Stockfish""]

1. e4 d6 2. d4 e5 3. dxe5 dxe5 4. Qxd8+ Kxd8 5. Nf3 f6 6. Bc4 Nd7 7. O-O c6 8. Rd1 Kc7 9. Nc3 Ne7 10. Be3 a5 11. a4 Ng6 12. g3 Be7 13. h4 h5 14. Ne2 Bc5 15. Bxc5 Nxc5 16. Nc3 Bg4 17. Kg2 Nf8 18. Rd2 Be6 19. Bxe6 Ncxe6 20. Rad1 Nc5 21. b3 g6 22. Ne1 Nfe6 23. Nd3 Rag8 24. Nxc5 Nxc5 25. f3 Rg7 26. Ne2 g5 27. hxg5 Rxg5 28. Ng1 Rhg8 29. Ne2 R5g7 30. Rh1 Rg5 31. Rh4 Rf8 32. Ng1 Rfg8 33. Ne2 f5 34. exf5 Rf8 35. g4 Rfxf5 36. Ng3 Rf7 37. Nxh5 b5 38. axb5 cxb5 39. Ng3 Ne6 40. Ne4 Rg6 41. Rd5 Nf4+ 42. Kg3 Nxd5 43. Rh5 Ne3 44. Rxe5 a4 45. bxa4 Nf5+ 46. Kf2 Nd6 47. Nxd6 Kxd6 48. Rxb5 Rxg4 49. Rb6+ Kd5 50. Rb5+ Kd6 51. Rb6+ Kc7 52. Rb3 Rxa4 53. Rc3+ Kb8 54. Rb3+ Kc8 55. Rc3+ Kb7 56. Rb3+ Kc7 57. Rc3+ Kd7 58. Rd3+ Kc7 59. Rc3+ Kb7 60. Rb3+ Kc7 61. Rc3+ Kd6 62. Rd3+ Kc5 63. Rc3+ Kd6 64. Rd3+ Ke6 65. Re3+ Kf6 66. Rc3 Rf8 67. Rc6+ Kf5 68. Rc5+ Kf4 69. Rc3 Rh8 70. Rc7 Rh2+ 71. Kg1 Re2 72. Rf7+ Ke3 73. Re7+ Kxf3 74. Rxe2 Ra1+ 75. Kh2 Kxe2 76. c4 Ra4 77. c5 Kf3 78. Kh3 Rg4 79. c6 Rg8 80. c7 Rh8#",0-1,lichess_200k_bins_16layers_ckpt_with_optimizer.pt,Stockfish 1,,2,0,1,0,0,80,80,False,False,False,False,lichess_200k_bins_16layers_ckpt_with_optimizer.pt vs. Stockfish 1,81,396.731696605682,80,0,,,
1765874309-7442,"[White ""Magnus Carlsen""]
[Black ""Stockfish""]

1. e4 Nc6 2. Nf3 e6 3. d4 d6 4. Bb5 Nf6 5. Nc3 a6 6. Bxc6+ bxc6 7. O-O a5 8. Bg5 h6 9. Bh4 Ba6 10. Re1 g5 11. Bg3 Be7 12. e5 Nd5 13. Nxd5 cxd5 14. exd6 cxd6 15. c3 Rc8 16. Qa4+ Kf8 17. Qd1 Qd7 18. Nd2 f5 19. f4 Kg7 20. Qh5 Rb8 21. b3 g4 22. Bh4 Rbc8 23. Rac1 Bxh4 24. Qxh4 Bd3 25. Qg3 Be4 26. Nxe4 h5 27. Ng5 e5 28. fxe5 h4 29. Qf4 Kg6 30. e6 Qa7 31. Nf7 Rh5 32. Nxd6 Rch8 33. e7 h3 34. g3 Kh7 35. e8=Q Rxe8 36. Nxe8 Qf7 37. Re5 Kg8 38. Rce1 a4 39. Re7 Rh4 40. Rxf7 Rh5 41. Rg7+ Kh8 42. Qb8 axb3 43. Nf6# Kxg7 44. Nxh5+ Kh6 45. Qh8+ Kg5 46. Re6 f4 47. Qf6+ Kxh5 48. Qg6#",1-0,lichess_200k_bins_16layers_ckpt_with_optimizer.pt,Stockfish 1,,2,1,0,0,0,48,48,False,False,False,False,lichess_200k_bins_16layers_ckpt_with_optimizer.pt vs. Stockfish 1,48,160.523545503616,48,0,,,
1765874411-1315,"[White ""Magnus Carlsen""]
[Black ""Stockfish""]

1. e4 e5 2. Nf3 Nf6 3. Nc3 d6 4. Bc4 Bg4 5. h3 Bh5 6. g4 d5 7. exd5 e4 8. Ne5 Bd6 9. gxh5 Bxe5 10. d4 Bd6 11. Bg5 Bb4 12. Qd2 O-O 13. O-O-O Bxc3 14. Qxc3 a6 15. Rhg1 h6 16. Bxh6 b5 17. Bxg7 Qd6 18. Bxf6+ Kh7 19. Be5 Qh6+ 20. Kb1 bxc4 21. Qxc4 Re8 22. Qxc7 Rf8 23. Qb7 Nc6 24. dxc6 Rac8 25. Qxa6 Qe6 26. Rg7+ Kh8 27. Rxf7+ Kg8 28. Rxf8+ Kh7 29. Rxc8 Qe8 30. Rxe8 Kh6 31. Rh8+ Kg5 32. Rg1+ Kh4 33. Qf1 e3 34. Qg2 e2 35. Qg4#",1-0,lichess_200k_bins_16layers_ckpt_with_optimizer.pt,Stockfish 1,,2,1,0,0,0,35,35,False,False,False,False,lichess_200k_bins_16layers_ckpt_with_optimizer.pt vs. Stockfish 1,35,101.758204221725,35,0,,,
1765874578-5104,"[White ""Magnus Carlsen""]
[Black ""Stockfish""]

1. e4 c5 2. Nf3 e6 3. d4 Be7 4. d5 d6 5. c4 a6 6. Nc3 exd5 7. exd5 Nd7 8. Bd3 Ngf6 9. O-O Ng4 10. Re1 h6 11. h3 Nge5 12. Nxe5 Nxe5 13. Bf4 Qc7 14. Bxe5 dxe5 15. Qe2 Bd7 16. Qxe5 Qxe5 17. Rxe5 Kd8 18. Rae1 Bd6 19. R5e2 Kc7 20. Ne4 Rhb8 21. Nxd6 Kxd6 22. Re7 Rf8 23. f4 b5 24. b3 bxc4 25. bxc4 Rac8 26. Rb1 Kxe7 27. Rb7 Rfe8 28. Bf5 Rcd8 29. Ra7 Kd6 30. Bxd7 Rxd7 31. Rxa6+ Ke7 32. Rc6 Rdd8 33. Rxc5 Kf8 34. Rc7 Rc8 35. Rd7 g6 36. d6 Rc5 37. Rc7 Rxc7 38. dxc7 Ke7 39. c8=Q Rxc8 40. Kf2 Rxc4 41. Kf3 Kd6 42. Kg4 Ra4 43. g3 Rxa2 44. h4 f6 45. h5 f5+ 46. Kh4 Rh2#",0-1,lichess_200k_bins_16layers_ckpt_with_optimizer.pt,Stockfish 1,,2,0,1,0,0,46,46,False,False,False,False,lichess_200k_bins_16layers_ckpt_with_optimizer.pt vs. Stockfish 1,47,167.849136352539,46,0,,,
1765874681-9625,"[White ""Magnus Carlsen""]
[Black ""Stockfish""]

1. e4 e6 2. d4 a6 3. Nf3 d5 4. e5 c5 5. c3 Bd7 6. Be2 Nc6 7. O-O Qc7 8. Be3 f6 9. exf6 gxf6 10. dxc5 f5 11. Nd4 O-O-O 12. Nxc6 Bxc6 13. Bd4 Nf6 14. Bxf6 Rg8 15. Bxd8 Kxd8 16. Bf3 Rg5 17. Qd2 Bh6 18. Qe2 e5 19. Nd2 e4 20. Bh5 Qg7 21. g3 Kc7 22. Nb3 Bb5 23. Qd1 Qe5 24. Re1 f4 25. Nd4 Kb8 26. Nxb5 Qf5 27. Nd4 Qh3 28. Be8 Bf8 29. c6 Bd6 30. cxb7 fxg3 31. fxg3 Bxg3 32. Re2 Be1+ 33. Kh1 Qf1#",0-1,lichess_200k_bins_16layers_ckpt_with_optimizer.pt,Stockfish 1,,2,0,1,0,0,33,33,False,False,False,False,lichess_200k_bins_16layers_ckpt_with_optimizer.pt vs. Stockfish 1,34,102.740447998047,33,0,,,
1765874986-2566,"[White ""Magnus Carlsen""]
[Black ""Stockfish""]

1. e4 c5 2. Nf3 a6 3. d4 Nf6 4. e5 Ne4 5. Bd3 d5 6. exd6 Qa5+ 7. c3 Nxd6 8. dxc5 Nf5 9. b4 Qd8 10. O-O g6 11. Bb2 Qc7 12. c4 Ng7 13. Nc3 e6 14. Ne4 Nd7 15. Nf6+ Nxf6 16. Bxf6 a5 17. a3 Ra6 18. Be5 Qd8 19. Qe2 f6 20. Bc3 axb4 21. axb4 Rxa1 22. Rxa1 Nh5 23. g3 Be7 24. Ra8 Qd7 25. Nd4 O-O 26. Nxe6 Re8 27. Nf4 Bxc5 28. Qxe8+ Qxe8 29. Rxc8 Bxf2+ 30. Kxf2 Qxc8 31. Nxh5 gxh5 32. Bxf6 h4 33. Bxh4 Qg4 34. Bf6 Kf7 35. Bc3 Qc8 36. Ke3 Qe6+ 37. Kd2 h5 38. c5 Qa2+ 39. Ke3 Qe6+ 40. Kd2 Qg4 41. Be2 Qg6 42. Bd3 Qg4 43. Be2 Qe4 44. Bxh5+ Kg8 45. Be2 Qg2 46. h4 Qxg3 47. h5 Qf4+ 48. Kc2 Qf2 49. Kd3 Kf7 50. Bd4 Qg3+ 51. Be3 Ke6 52. h6 Kd5 53. Bd1 Kc6 54. Bb3 Qg2 55. Bc4 Qf1+ 56. Kc3 Qf3 57. Bd3 b5 58. cxb6 Qh3 59. h7 Kd7 60. b7 Qg3 61. b8=Q Qxb8 62. Bf5+ Kc7 63. Bf4+ Kb7 64. Bxb8 Ka6 65. h8=Q Kb5 66. Qe5+ Kc6 67. Qd6+ Kb7 68. Qc7+ Ka6 69. Bd3#",1-0,lichess_200k_bins_16layers_ckpt_with_optimizer.pt,Stockfish 1,,2,1,0,1,0,68,69,False,False,False,False,lichess_200k_bins_16layers_ckpt_with_optimizer.pt vs. Stockfish 1,69,305.353697776794,69,0,,,
1765875051-3181,"[White ""Magnus Carlsen""]
[Black ""Stockfish""]

1. e4 e5 2. Nf3 Nf6 3. Nc3 Bd6 4. Bc4 Qe7 5. d3 Nc6 6. Bg5 Bb4 7. O-O Bxc3 8. bxc3 O-O 9. d4 h6 10. Bh4 a6 11. d5 Na5 12. Bd3 b6 13. c4 Re8 14. Qd2 Qc5 15. Bxf6 Nb7 16. Bxe5 Nd6 17. Bd4 f5 18. Bxc5 Nf7 19. exf5 Ng5 20. Nxg5 hxg5 21. Qxg5 Re6 22. fxe6 Bb7 23. Qh5 Bxd5 24. Qh7+",1-0,lichess_200k_bins_16layers_ckpt_with_optimizer.pt,Stockfish 1,,2,1,0,0,0,24,24,False,False,False,False,lichess_200k_bins_16layers_ckpt_with_optimizer.pt vs. Stockfish 1,24,64.5374557971954,24,0,,,
1765875146-2734,"[White ""Magnus Carlsen""]
[Black ""Stockfish""]

1. e4 e6 2. d4 d5 3. e5 Bd7 4. Nf3 c5 5. c3 Nc6 6. Be2 f6 7. O-O fxe5 8. dxe5 Nge7 9. Bg5 Qb6 10. Qc2 Nf5 11. Nbd2 Be7 12. Bxe7 Ncxe7 13. Nb3 Ng6 14. Rad1 Ba4 15. c4 d4 16. Qe4 Bc6 17. Qg4 Bxf3 18. Bxf3 O-O 19. Rfe1 Nfh4 20. Be4 Rf7 21. g3 Raf8 22. gxh4 a5 23. Rf1 Nxe5 24. Qg3 Nf3+ 25. Bxf3 Rxf3 26. Qg4 R8f6 27. Rd2 Qc6 28. Re2 Rg6 29. Qxg6 hxg6 30. Re5 Rf4 31. Rxc5 Rg4#",0-1,lichess_200k_bins_16layers_ckpt_with_optimizer.pt,Stockfish 1,,2,0,1,0,0,31,31,False,False,False,False,lichess_200k_bins_16layers_ckpt_with_optimizer.pt vs. Stockfish 1,32,94.6404583454132,31,0,,,
1765875323-1019,"[White ""Magnus Carlsen""]
[Black ""Stockfish""]

1. e4 c5 2. Nf3 a6 3. d4 cxd4 4. Nxd4 e6 5. Nc3 d6 6. Be3 Nf6 7. f3 h5 8. Qd2 Qc7 9. O-O-O Be7 10. Kb1 b6 11. h3 h4 12. Be2 Nbd7 13. f4 Nc5 14. Bf3 b5 15. e5 b4 16. exf6 gxf6 17. Nce2 Bb7 18. Bxb7 Qxb7 19. Nf3 Rg8 20. Rhg1 Rb8 21. Ned4 Ne4 22. Qd3 Nc3+ 23. Ka1 Nxd1 24. Qxd1 f5 25. Nb3 Ra8 26. Qd3 Qb5 27. Qd2 Rc8 28. Nfd4 Qb7 29. Na5 Qd5 30. Nab3 a5 31. Qd3 a4 32. Nc1 Bf6 33. Nce2 Rxg2 34. Rxg2 Qxg2 35. Qb5+ Kd8 36. Qb6+ Ke7 37. Qb7+ Qxb7 38. Nxf5+ Kd8 39. Nxd6 Qh1+ 40. Nc1 Ra8 41. Nxf7+ Ke7 42. Ne5 Ke8 43. Nd3 b3 44. cxb3 Rd8 45. bxa4 Rxd3 46. a5 Rd1 47. a6 Rxc1+ 48. Bxc1 Qxc1#",0-1,lichess_200k_bins_16layers_ckpt_with_optimizer.pt,Stockfish 1,,2,0,1,0,0,48,48,False,False,False,False,lichess_200k_bins_16layers_ckpt_with_optimizer.pt vs. Stockfish 1,49,177.102476835251,48,0,,,
1765875534-1682,"[White ""Magnus Carlsen""]
[Black ""Stockfish""]

1. e4 e5 2. Nf3 Nf6 3. Nc3 d6 4. Bc4 Be6 5. Bxe6 fxe6 6. d3 Qd7 7. Bg5 h6 8. Bxf6 gxf6 9. O-O c5 10. Nh4 Qg7 11. Qh5+ Qf7 12. Qxf7+ Kxf7 13. Nb5 Nd7 14. Nc7 Rb8 15. Nb5 a6 16. Nc3 Be7 17. Nf3 Rbc8 18. Ne2 c4 19. dxc4 h5 20. b3 b6 21. Ng3 b5 22. cxb5 Rxc2 23. bxa6 h4 24. Ne2 Nc5 25. Nc1 Nxe4 26. a7 Rcc8 27. Re1 Nc3 28. Re3 Nd1 29. Re1 Nb2 30. Re2 Nd1 31. Rd2 e4 32. Nd4 Nc3 33. Rc2 Rc7 34. Nb5 Rb7 35. Rxc3 Rxb5 36. Rc7 Rf5 37. Rb7 Ra5 38. b4 Ra4 39. b5 f5 40. b6 h3 41. Rb8 Rg8 42. Rxg8+ e5 43. b7 Rxa7 44. b8=Q e3 45. Qxa7 Kxg8 46. Qxe7 d5 47. Qxe5 e2 48. Qxe2 d4 49. Qe6+ Kh8 50. Qxf5 Kg8 51. Qxh3 Kf7 52. Qd3 Kg8 53. Qxd4 Kf8 54. Qd7 Kg8 55. Rb1 Kf8 56. Rb8#",1-0,lichess_200k_bins_16layers_ckpt_with_optimizer.pt,Stockfish 1,,2,1,0,0,0,56,56,False,False,False,False,lichess_200k_bins_16layers_ckpt_with_optimizer.pt vs. Stockfish 1,56,211.579006910324,56,0,,,
1765875601-1248,"[White ""Magnus Carlsen""]
[Black ""Stockfish""]

1. e4 c5 2. Nf3 a6 3. d4 Nf6 4. e5 Ne4 5. Bd3 d5 6. exd6 f5 7. dxe7 Bxe7 8. O-O Be6 9. Re1 O-O 10. Bxe4 fxe4 11. Rxe4 Bf7 12. Nc3 Bg6 13. Re1 cxd4 14. Nxd4 Nc6 15. Nxc6 bxc6 16. Qxd8 Bb4 17. Qd1 Rxf2 18. Kxf2 Bxc2 19. Qxc2 Bc5+ 20. Kf1 Ba7 21. Be3 h6 22. Bxa7 Rb8 23. Bxb8 a5 24. Qg6 Kh8 25. Re8+",1-0,lichess_200k_bins_16layers_ckpt_with_optimizer.pt,Stockfish 1,,2,1,0,0,0,25,25,False,False,False,False,lichess_200k_bins_16layers_ckpt_with_optimizer.pt vs. Stockfish 1,25,66.686252117157,25,0,,,
1765875722-2024,"[White ""Magnus Carlsen""]
[Black ""Stockfish""]

1. e4 e5 2. Nf3 Nc6 3. Bc4 Nf6 4. Ng5 Bb4 5. Nxf7 Qe7 6. Nxh8 d6 7. Nf7 Bg4 8. f3 Bh5 9. Ng5 Bc5 10. Nc3 h6 11. Nh3 O-O-O 12. Nd5 Qf8 13. Nxf6 Qxf6 14. d3 Nd4 15. Be3 Bxf3 16. gxf3 Nxf3+ 17. Ke2 h5 18. Bxc5 Qg6 19. Kxf3 Qg4+ 20. Ke3 Qh4 21. Bxa7 c5 22. Be6+ Rd7 23. Bxd7+ Kc7 24. Be6 c4 25. dxc4 b5 26. cxb5 Kd8 27. Qxd6+ Ke8 28. Qd7+ Kf8 29. Qd6+ Qe7 30. Qxe7+ Kxe7 31. Bc5+ Kd8 32. Rad1+ Kc7 33. Rd7+ Kc8 34. Rxg7+ Kb8 35. Rg8+ Kb7 36. Rg7+ Kb8 37. Rg8+ Kb7 38. Rg7+ Kb8 39. Rg8+ Kc7 40. Rg7+ Kb8 41. Rg8+ Kc7 42. Rg7+ Kb8",1/2-1/2,lichess_200k_bins_16layers_ckpt_with_optimizer.pt,Stockfish 1,,2,0.5,0.5,0,0,42,42,False,False,False,False,lichess_200k_bins_16layers_ckpt_with_optimizer.pt vs. Stockfish 1,43,120.526835918427,42,0,,,
1765875945-2478,"[White ""Magnus Carlsen""]
[Black ""Stockfish""]

1. e4 d6 2. d4 Nd7 3. Nc3 Ngf6 4. Nf3 e5 5. Bc4 exd4 6. Nxd4 Nb6 7. Bb3 h6 8. O-O a5 9. a4 c6 10. Re1 Nbd7 11. Nf5 Nc5 12. Bf4 Nxb3 13. cxb3 Bxf5 14. exf5+ Kd7 15. Qd2 Kc8 16. Rad1 h5 17. Ne4 Nxe4 18. Rxe4 b6 19. Rc4 Qd7 20. Rd4 d5 21. f6 gxf6 22. Qc2 f5 23. Rxd5 Qe6 24. Rd8+ Kb7 25. R8d7+ Ka6 26. Qd3+ b5 27. axb5+ cxb5 28. Ra1 Bc5 29. Rd5 Rad8 30. Rxc5 Rxd3 31. Rxb5 Kxb5 32. Rf1 Rc8 33. Be3 Rc2 34. h3 Qd5 35. Kh2 f4 36. Bxf4 Qe4 37. Bg3 Ka6 38. Rg1 Qd5 39. Rf1 Rdd2 40. Rg1 Qe4 41. Rf1 Qe2 42. Rg1 Kb7 43. Rf1 h4 44. Rg1 Qe4 45. Rf1 Qe2 46. Rg1 Qh5 47. Rf1 Qe2 48. Rg1 Qe4 49. Rf1 hxg3+ 50. fxg3 Rxg2+ 51. Kh1 Rxg3+ 52. Rf3 Rg5 53. h4 Rg6 54. h5 Rg3 55. h6 Rg5 56. h7 Qe1+ 57. Rf1 Qh4#",0-1,lichess_200k_bins_16layers_ckpt_with_optimizer.pt,Stockfish 1,,2,0,1,3,0,56,57,False,False,False,False,lichess_200k_bins_16layers_ckpt_with_optimizer.pt vs. Stockfish 1,58,223.445341348648,57,0,,,
1765876021-5066,"[White ""Magnus Carlsen""]
[Black ""Stockfish""]

1. e4 d5 2. exd5 Qxd5 3. Nc3 Qd8 4. Nf3 c5 5. Bc4 e6 6. O-O Be7 7. d4 cxd4 8. Nxd4 Nd7 9. Bf4 Nb6 10. Bb3 a6 11. Re1 Nh6 12. Bxh6 Bf6 13. Be3 O-O 14. Nf3 Bxc3 15. bxc3 a5 16. Qxd8 a4 17. Qxb6 axb3 18. cxb3 e5 19. Nxe5 Re8 20. Nf3 Bh3 21. gxh3 f6 22. Bd4 Re5 23. Bxe5 Ra4 24. bxa4 fxe5 25. Nxe5 g6 26. Qxb7 Kh8 27. Nxg6+ hxg6 28. Re8+",1-0,lichess_200k_bins_16layers_ckpt_with_optimizer.pt,Stockfish 1,,2,1,0,0,0,28,28,False,False,False,False,lichess_200k_bins_16layers_ckpt_with_optimizer.pt vs. Stockfish 1,28,76.4308013916016,28,0,,,
1765876360-1055,"[White ""Magnus Carlsen""]
[Black ""Stockfish""]

1. e4 c6 2. d4 d5 3. e5 Bf5 4. Nf3 e6 5. Be2 Ne7 6. O-O h6 7. Nbd2 a5 8. a4 b6 9. Nb3 Bg4 10. h3 Bf5 11. Ne1 c5 12. dxc5 bxc5 13. Nxc5 Nec6 14. Ned3 Be7 15. Be3 d4 16. Bf4 Nd7 17. Nxd7 Kxd7 18. Bf3 Rc8 19. Re1 Ke8 20. Be4 g6 21. Qf3 Bxe4 22. Qxe4 Qd7 23. Rad1 Nb8 24. c3 Rc4 25. cxd4 Qxa4 26. Ra1 Qb3 27. Rxa5 Kf8 28. Ra8 Kg7 29. Rea1 Rd8 30. R1a7 Rdxd4 31. Qf3 Nc6 32. Rc7 g5 33. Be3 Qxd3 34. Qxc6 Rxc6 35. Rxc6 Rd8 36. Ra7 Qb5 37. Rxe7 Rd1+ 38. Kh2 Qxc6 39. Ra7 Kg8 40. Ra3 Qd5 41. Rc3 Qe4 42. Rc8+ Kh7 43. Rc7 Kg7 44. Rc3 Qb1 45. Rc7 Qf5 46. Rc3 Rb1 47. Rc7 Rd1 48. Rc3 Rf1 49. Rc7 h5 50. Rc3 Rxf2 51. Bxf2 Kh7 52. Bg3 h4 53. Bf2 Qxf2 54. Rf3 Qc5 55. Rxf7+ Kg6 56. Rf6+ Kg7 57. Rxe6 Qd5 58. Re7+ Kg8 59. Re8+ Kf7 60. Re7+ Kxe7 61. e6 Qe4 62. Kg1 Qe1+ 63. Kh2 Qd2 64. Kg1 Qe3+ 65. Kh2 Qf4+ 66. Kg1 Qd4+ 67. Kh2 Qe3 68. Kh1 Qd2 69. Kh2 Qe2 70. Kh1 Qe1+ 71. Kh2 Qd1 72.",0-1,lichess_200k_bins_16layers_ckpt_with_optimizer.pt,Stockfish 1,,2,0,1,1,0,71,72,False,False,True,False,lichess_200k_bins_16layers_ckpt_with_optimizer.pt vs. Stockfish 1,72,338.898240804672,72,0,,,
1765876474-6612,"[White ""Magnus Carlsen""]
[Black ""Stockfish""]

1. e4 c5 2. Nf3 e6 3. d4 a6 4. d5 Qc7 5. c4 g6 6. Nc3 Bg7 7. Bd3 d6 8. O-O e5 9. h3 Ne7 10. Nh2 Qb6 11. f4 Nd7 12. f5 Qd8 13. fxg6 Nxg6 14. Qf3 Nf4 15. Bxf4 exf4 16. Qxf4 Qf6 17. Qxf6 Bxf6 18. Ng4 Be5 19. Nxe5 Nxe5 20. Be2 Rb8 21. Rf6 Kd7 22. Raf1 h6 23. Bh5 Rh7 24. b3 Ra8 25. Na4 Ke7 26. Nb6 Kd8 27. Nxa8 Ke7 28. Nb6 Bxh3 29. gxh3 Rg7+ 30. Kh2 Kd8 31. Rxd6+ Nd7 32. Rxd7+ Ke8 33. Rfxf7 Rg3 34. Rde7+ Kd8 35. Rd7+ Ke8 36. Rfe7+ Kf8 37. Rf7+ Kg8 38. Rd8#",1-0,lichess_200k_bins_16layers_ckpt_with_optimizer.pt,Stockfish 1,,2,1,0,0,0,38,38,False,False,False,False,lichess_200k_bins_16layers_ckpt_with_optimizer.pt vs. Stockfish 1,38,113.277691602707,38,0,,,
1765876583-5650,"[White ""Magnus Carlsen""]
[Black ""Stockfish""]

1. e4 d5 2. exd5 Qxd5 3. Nc3 Qd6 4. Nf3 Nf6 5. d4 g6 6. Be3 Ng4 7. Bd2 Nf6 8. Be3 Bg7 9. Bd3 Ng4 10. Qd2 Nxe3 11. fxe3 O-O 12. O-O Nd7 13. Ne4 Qc6 14. c3 b6 15. Ng3 Bb7 16. e4 Rad8 17. Rae1 b5 18. Qe2 Qb6 19. Kh1 c5 20. d5 c4 21. Bc2 e6 22. dxe6 Ne5 23. Nxe5 f5 24. Nf3 Rde8 25. exf5 h6 26. fxg6 Qa6 27. Nh5 Bxf3 28. Rxf3 Qa3 29. Rxf8+ Qxf8 30. Nxg7 Kxg7 31. Qe5+ Kg8 32. e7 b4 33. exf8=Q+ Rxf8 34. Qe6+ Kg7 35. Qe7+ Kh8 36. Qh7#",1-0,lichess_200k_bins_16layers_ckpt_with_optimizer.pt,Stockfish 1,,2,1,0,0,0,36,36,False,False,False,False,lichess_200k_bins_16layers_ckpt_with_optimizer.pt vs. Stockfish 1,36,109.109799146652,36,0,,,
1765876781-1330,"[White ""Magnus Carlsen""]
[Black ""Stockfish""]

1. e4 e5 2. Nf3 d6 3. Bc4 Nc6 4. d3 Be7 5. Nc3 Na5 6. Bb3 a6 7. Bd2 Nf6 8. Nd5 Nxb3 9. Nxf6+ gxf6 10. axb3 f5 11. exf5 Bd7 12. g4 h5 13. g5 Bxf5 14. h4 Qc8 15. Qe2 Qe6 16. O-O-O Bg4 17. Qe4 Kd7 18. Rde1 Rhb8 19. Nd4 exd4 20. Qxd4 c5 21. Qa4+ b5 22. Qa5 Qd5 23. Rhg1 Re8 24. Re4 Bf5 25. Rf4 Be6 26. Re1 Bd8 27. Qa1 Bb6 28. Rfe4 Qf5 29. Bf4 Bc7 30. Qa3 Bb6 31. Qa1 a5 32. Qa3 d5 33. R4e2 Rac8 34. Bd2 Qf3 35. Bxa5 Kc6 36. Bxb6 Qf4+ 37. Kb1 Kxb6 38. Qa2 Ra8 39. Qxa8 Rxa8 40. Rxe6+ fxe6 41. Rxe6+ Kb7 42. Re7+ Kb6 43. Re6+ Kc7 44. Re7+ Kc6 45. Re6+ Kc7 46. Re7+ Kc6 47. Re6+ Kc7 48. Re7+ Kd6 49. Re6+ Kxe6 50. c3 Qd2 51. b4 Qd1#",0-1,lichess_200k_bins_16layers_ckpt_with_optimizer.pt,Stockfish 1,,2,0,1,1,0,50,51,False,False,False,False,lichess_200k_bins_16layers_ckpt_with_optimizer.pt vs. Stockfish 1,52,197.849903583527,51,0,,,
1765877008-7689,"[White ""Magnus Carlsen""]
[Black ""Stockfish""]

1. e4 d5 2. exd5 e6 3. dxe6 Nh6 4. exf7+ Kd7 5. Bb5+ Nc6 6. Qf3 Qf6 7. Qd5+ Bd6 8. Nf3 a6 9. Bxc6+ bxc6 10. Qd3 Bb7 11. O-O Nxf7 12. Nc3 c5 13. Ne4 Qf5 14. Nxd6 Qxd3 15. cxd3 Kxd6 16. b3 Rhe8 17. Bb2 a5 18. Bxg7 Bxf3 19. gxf3 Rg8 20. Kh1 Rxg7 21. Rg1 Rag8 22. Rxg7 Rxg7 23. Rg1 Rg5 24. Rxg5 Nxg5 25. Kg2 Ne6 26. Kg3 Nd4 27. Kf4 Ke7 28. Ke4 Kd6 29. f4 Ke6 30. f5+ Ke7 31. Ke5 Ne2 32. f6+ Kf8 33. Ke6 h5 34. f7 Nf4+ 35. Kf6 c6 36. f3 Nd5+ 37. Ke6 Nf4+ 38. Kd6 Nxd3 39. Kxc6 h4 40. Kb5 Ne5 41. Kxc5 Nxf3 42. Kb5 Nxh2 43. Kxa5 h3 44. b4 Kxf7 45. b5 Nf3 46. b6 h2 47. b7 Ne5 48. b8=Q Nc6+ 49. Kb6 Nxb8 50. Kb7 Ke8 51. Kxb8 Ke7 52. a4 Kd7 53. a5 Kd6 54. a6 h1=Q 55. a7 Qc6 56. a8=Q Qc7#",0-1,lichess_200k_bins_16layers_ckpt_with_optimizer.pt,Stockfish 1,,2,0,1,0,0,56,56,False,False,False,False,lichess_200k_bins_16layers_ckpt_with_optimizer.pt vs. Stockfish 1,57,227.85938334465,56,0,,,
1765877115-3914,"[White ""Magnus Carlsen""]
[Black ""Stockfish""]

1. e4 d5 2. exd5 e5 3. Nc3 c6 4. dxc6 Nxc6 5. Bb5 Ne7 6. Nf3 Bd7 7. O-O Bg4 8. h3 Bh5 9. g4 e4 10. Nxe4 Bg6 11. Nc3 a6 12. Ba4 b5 13. Bb3 h5 14. Nh2 hxg4 15. Qxg4 Nd4 16. d3 Nxb3 17. axb3 f6 18. Re1 Bh7 19. Bf4 Qd7 20. Qxd7+ Kxd7 21. Nxb5 Nd5 22. Bg3 Bb4 23. c3 axb5 24. cxb4 Rhe8 25. Rxe8 Rxa1+ 26. Kg2 Kxe8 27. Nf3 Rd1 28. d4 Be4 29. Bd6 Rd3 30. Kg3 Rxf3+ 31. Kg4 g6 32. h4 Rd3 33. h5 Bf5+ 34. Kh4 g5#",0-1,lichess_200k_bins_16layers_ckpt_with_optimizer.pt,Stockfish 1,,2,0,1,0,0,34,34,False,False,False,False,lichess_200k_bins_16layers_ckpt_with_optimizer.pt vs. Stockfish 1,35,106.834709644318,34,0,,,
1765877179-4607,"[White ""Magnus Carlsen""]
[Black ""Stockfish""]

1. e4 g6 2. d4 c6 3. Nc3 Bg7 4. Be3 Qb6 5. Qd2 Qxb2 6. Rb1 Qxb1+ 7. Nxb1 Nf6 8. f3 d5 9. e5 c5 10. exf6 exf6 11. dxc5 Nc6 12. Bb5 d4 13. Bxc6+ Bd7 14. Bxd7+ Kxd7 15. Qxd4+ Ke8 16. Qd6 Rc8 17. Ne2 f5 18. O-O f4 19. Bxf4 g5 20. Bxg5 Bd4+ 21. Nxd4 f6 22. Qe6+ Kf8 23. Qxf6+ Ke8 24. Qxh8+ Kd7 25. Qxh7+ Ke8 26. Qe7+",1-0,lichess_200k_bins_16layers_ckpt_with_optimizer.pt,Stockfish 1,,2,1,0,0,0,26,26,False,False,False,False,lichess_200k_bins_16layers_ckpt_with_optimizer.pt vs. Stockfish 1,26,63.9011986255646,26,0,,,
1765877660-9958,"[White ""Magnus Carlsen""]
[Black ""Stockfish""]

1. e4 Nf6 2. e5 Nd5 3. d4 d6 4. Nf3 Nb6 5. Be2 Nc6 6. exd6 Qxd6 7. O-O Bg4 8. c3 g6 9. Nbd2 Bg7 10. Ne4 Qd7 11. Nc5 Qc8 12. h3 Bf5 13. Bf4 O-O 14. Re1 Nd7 15. Nxd7 Qxd7 16. Bb5 Rfd8 17. Ne5 Qd6 18. Nxc6 Qxf4 19. Nxe7+ Kh8 20. Nxf5 Qxf5 21. Bd3 Qg5 22. Qf3 Qf6 23. Qxf6 Bxf6 24. Re2 c5 25. dxc5 Rxd3 26. Rae1 Rg8 27. Re8 h5 28. Rxg8+ Kxg8 29. Re8+ Kg7 30. Rb8 Rd7 31. Ra8 Rd2 32. Rxa7 Rxb2 33. c6 Be5 34. g3 Bb8 35. Rxb7 Rxb7 36. cxb7 Bc7 37. a4 h4 38. gxh4 Kf6 39. a5 Ke7 40. a6 Bb8 41. a7 Bxa7 42. c4 Kd7 43. Kg2 Kc6 44. Kf3 Kxb7 45. Ke4 Bxf2 46. Kd5 Bg3 47. c5 Bxh4 48. c6+ Kc8 49. Kd6 f5 50. Ke6 f4 51. Ke5 g5 52. Ke4 Bf2 53. Kf3 Bg3 54. Kg4 Kc7 55. Kxg5 Kxc6 56. Kg4 Kd6 57. h4 Ke6 58. h5 Kf6 59. h6 Kf7 60. Kf3 Kf6 61. Kg4 Kg6 62. h7 Kxh7 63. Kf3 Kg6 64. Kg4 Kf6 65. Kf3 Kf5 66. Kg2 Kg5 67. Kf3 Kf5 68. Kg2 Ke4 69. Kf1 f3 70. Kg1 Bh4 71. Kf1 Ke5 72. Kg1 Kd4 73. Kf1 Kc3 74. Kg1 Kd3 75. Kf1 Ke3 76. Kg1 Kd3 77. Kf1 f2 78. Kg2 Ke2 79. Kh3 Bf6 80. Kg4 Be5 81. Kf5 Bg7 82. Ke6 Bh6 83. Kd5 Bg7 84. Ke4 Ba1 85. Kf5 Kf3 86. Ke6 Ke3 87. Kd5 Bg7 88. Kc4 Bf6 89. Kb3 f1=Q 90. Kc2 Bg7",,lichess_200k_bins_16layers_ckpt_with_optimizer.pt,Stockfish 1,,2,-10000000000,-10000000000,0,0,90,90,False,False,False,False,lichess_200k_bins_16layers_ckpt_with_optimizer.pt vs. Stockfish 1,91,481.243114709854,90,0,,,
1765877887-6096,"[White ""Magnus Carlsen""]
[Black ""Stockfish""]

1. e4 g6 2. d4 c6 3. Nc3 d5 4. e5 Qb6 5. Nf3 Nh6 6. Bd3 Bf5 7. O-O e6 8. h3 a5 9. Ne2 Bxd3 10. Qxd3 a4 11. a3 Nf5 12. g4 Ne7 13. Ng3 h6 14. Kg2 c5 15. c3 Nd7 16. Rb1 Nc6 17. Be3 Qa6 18. Qd2 cxd4 19. cxd4 b5 20. Rfc1 Rc8 21. Ne1 Ra8 22. Nd3 Rb8 23. Ne2 b4 24. axb4 Qb7 25. Nc5 Qxb4 26. Nxd7 Kxd7 27. Qc2 Qc4 28. Qd2 Qa6 29. Nc3 Na5 30. Qc2 Nc4 31. Qxa4+ Qxa4 32. Nxa4 Rb7 33. b3 Nxe3+ 34. fxe3 h5 35. g5 Be7 36. h4 Rhb8 37. Nc5+ Bxc5 38. Rxc5 Rxb3 39. Rxb3 Rxb3 40. Kf3 Rb1 41. Ra5 Rg1 42. Ra7+ Kc6 43. Rxf7 Rf1+ 44. Kg3 Rxf7 45. e4 dxe4 46. d5+ Kxd5 47. Kg2 e3 48. Kg3 Rf2 49. Kh3 Rf7 50. Kg3 Kd4 51. Kh3 Rf8 52. Kg3 Kd5 53. Kh3 Rf7 54. Kg3 Rf8 55. Kh3 e2 56. Kg3 Kd4 57. Kh3 e1=Q 58. Kg2 Rf2+ 59. Kh3 Qd2 60. Kg3 Qe3#",0-1,lichess_200k_bins_16layers_ckpt_with_optimizer.pt,Stockfish 1,,2,0,1,0,0,60,60,False,False,False,False,lichess_200k_bins_16layers_ckpt_with_optimizer.pt vs. Stockfish 1,61,226.401947975159,60,0,,,
1765877953-1883,"[White ""Magnus Carlsen""]
[Black ""Stockfish""]

1. e4 d5 2. exd5 Nf6 3. Nc3 c6 4. dxc6 e5 5. cxb7 Nc6 6. bxa8=Q Qd7 7. Bb5 Bb4 8. Bxc6 Kf8 9. Bxd7 Rg8 10. Qxc8+ Ke7 11. Qxg8 a5 12. Qxg7 Ne4 13. Nxe4 Kxd7 14. Qxf7+ Be7 15. Qxh7 Ke8 16. Qxe7+ Kxe7 17. Qh5 Kd7 18. Qxe5 Kc8 19. Qxa5 Kb7 20. Qb5+ Ka7 21. Qc5+ Kb8 22. Qd6+ Kc8 23. Qe7 Kb8 24. Nc5 Kc8 25. Qd7+ Kb8 26. Qb7#",1-0,lichess_200k_bins_16layers_ckpt_with_optimizer.pt,Stockfish 1,,2,1,0,0,0,26,26,False,False,False,False,lichess_200k_bins_16layers_ckpt_with_optimizer.pt vs. Stockfish 1,26,65.9594216346741,26,0,,,
1765878044-1896,"[White ""Magnus Carlsen""]
[Black ""Stockfish""]

1. e4 e5 2. Nf3 Nf6 3. Nc3 Nc6 4. Bc4 Bb4 5. d3 Bxc3+ 6. bxc3 h6 7. O-O d6 8. h3 Be6 9. Bb3 Qe7 10. Be3 g5 11. Nh2 d5 12. exd5 Nxd5 13. Bd2 h5 14. Qe2 O-O-O 15. Rab1 Rdg8 16. Bxd5 Bxd5 17. c4 Be6 18. Be3 b6 19. a4 f6 20. a5 g4 21. h4 g3 22. fxg3 Rxg3 23. axb6 axb6 24. c5 Rhg8 25. Rf2 Bh3 26. cxb6 cxb6 27. Bxb6 Qg7 28. Qe4 Rxg2+ 29. Kh1 Rg1+ 30. Rxg1 Qxg1#",0-1,lichess_200k_bins_16layers_ckpt_with_optimizer.pt,Stockfish 1,,2,0,1,0,0,30,30,False,False,False,False,lichess_200k_bins_16layers_ckpt_with_optimizer.pt vs. Stockfish 1,31,90.8021385669708,30,0,,,
1765878155-4334,"[White ""Magnus Carlsen""]
[Black ""Stockfish""]

1. e4 c6 2. d4 d6 3. Nc3 g6 4. f4 Nh6 5. Nf3 b5 6. Bd3 Bg7 7. O-O Bg4 8. Be3 b4 9. Ne2 O-O 10. h3 Bc8 11. Qd2 Na6 12. f5 Nxf5 13. exf5 Nc7 14. Bh6 e5 15. Bxg7 Kxg7 16. fxg6 e4 17. Bxe4 Ba6 18. gxh7 Ne6 19. Ng3 d5 20. Nf5+ Kh8 21. Bd3 Bxd3 22. Qxd3 Rb8 23. Ne5 Rb5 24. Nxc6 Qb6 25. Nce7 Ng5 26. Qg3 Qf6 27. Qe5 Ne4 28. Qxf6+ Nxf6 29. Nh6 Rb7 30. Rxf6 Rfb8 31. Rxf7 Ra8 32. Raf1 Rxe7 33. Rxe7 Rb8 34. Rff7 a6 35. Rg7 Rd8 36. Rg8+ Rxg8 37. hxg8=Q#",1-0,lichess_200k_bins_16layers_ckpt_with_optimizer.pt,Stockfish 1,,2,1,0,0,0,37,37,False,False,False,False,lichess_200k_bins_16layers_ckpt_with_optimizer.pt vs. Stockfish 1,37,111.745758295059,37,0,,,
1765878175-7694,"[White ""Magnus Carlsen""]
[Black ""Stockfish""]

1. e4 Nf6 2. e5 Ne4 3. d4 e6 4. Bd3 d5 5. exd6 Nf6 6. dxc7 Bb4+ 7. c3 Qxd4 8.",0-1,lichess_200k_bins_16layers_ckpt_with_optimizer.pt,Stockfish 1,,2,0,1,5,0,7,8,False,False,True,False,lichess_200k_bins_16layers_ckpt_with_optimizer.pt vs. Stockfish 1,8,19.3473565578461,8,0,,,
1765878310-9902,"[White ""Magnus Carlsen""]
[Black ""Stockfish""]

1. e4 e6 2. d4 c5 3. d5 d6 4. c4 g6 5. Nc3 Bg7 6. Bd2 Nf6 7. Bd3 a6 8. Nge2 O-O 9. O-O exd5 10. exd5 Ne8 11. Qc1 Nf6 12. Bh6 Re8 13. Bxg7 Kxg7 14. Ng3 Kf8 15. Qh6+ Ke7 16. Rfe1+ Kd7 17. Rxe8 Qxe8 18. Qg7 Qe5 19. Qxf7+ Kd8 20. Qf8+ Kc7 21. Qg7+ Nbd7 22. Qh6 Qd4 23. Qd2 Qh4 24. Re1 Rb8 25. Re7 Ng8 26. Re4 Qf6 27. Qe3 Qd8 28. Re8 Qh4 29. Nce4 Ndf6 30. Nxf6 Nxf6 31. Re7+ Nd7 32. Ne4 Qxe7 33. Qf4 b5 34. cxb5 Ne5 35. bxa6 Nxd3 36. Qe3 Rxb2 37. Qxd3 Kb8 38. Qb3+ Ka7 39. Qxb2 Bxa6 40. Nc3 Qe1#",0-1,lichess_200k_bins_16layers_ckpt_with_optimizer.pt,Stockfish 1,,2,0,1,0,0,40,40,False,False,False,False,lichess_200k_bins_16layers_ckpt_with_optimizer.pt vs. Stockfish 1,41,135.547105550766,40,0,,,
1765878450-8084,"[White ""Magnus Carlsen""]
[Black ""Stockfish""]

1. e4 e6 2. d4 Nf6 3. e5 Bb4+ 4. c3 Be7 5. exf6 gxf6 6. Nf3 b6 7. Bd3 Bb7 8. O-O h6 9. Be3 f5 10. Nbd2 d6 11. Qc2 Qd7 12. Rae1 Nc6 13. Bb5 O-O-O 14. Qa4 a6 15. Bxa6 e5 16. Bxb7+ Kxb7 17. d5 Na5 18. Qxd7 Rxd7 19. b4 c5 20. bxa5 bxa5 21. Rb1+ Kc8 22. Nc4 Rb7 23. Nxa5 Rxb1 24. Rxb1 Bf6 25. Nc6 e4 26. Nd2 Kc7 27. Nc4 Bxc3 28. Bf4 Be5 29. Bxe5 dxe5 30. N4xe5 Rg8 31. Nxf7 Rg6 32. Nfe5 Rg5 33. a4 Kd6 34. a5 Rg7 35. a6 Kxd5 36. a7 Rg8 37. Rb8 Rg5 38. a8=Q c4 39. Rd8+ Ke6 40. Qc8+ Kf6 41. Rf8+ Kg7 42. Qe8 f4 43. Qf7#",1-0,lichess_200k_bins_16layers_ckpt_with_optimizer.pt,Stockfish 1,,2,1,0,0,0,43,43,False,False,False,False,lichess_200k_bins_16layers_ckpt_with_optimizer.pt vs. Stockfish 1,43,140.11371254921,43,0,,,
1765878521-4036,"[White ""Magnus Carlsen""]
[Black ""Stockfish""]

1. e4 e5 2. Nf3 Nc6 3. Bc4 Bc5 4. d3 Nf6 5. Ng5 Bb4+ 6. c3 Ba5 7. Nxf7 Qe7 8. Nxh8 Nd4 9. Bf7+ Kf8 10. Bc4 Qd6 11. Nf7 Qe7 12. Ng5 d6 13. Nxh7+ Ke8 14. Nxf6+ Kd8 15. Nd5 Qh4 16. g3 c6 17. gxh4 a6 18. Nb6 Nf3+ 19. Qxf3 Bh3 20. Qf8+ Kc7 21. Qxa8 Bg2 22. Rg1 Kxb6 23. Rxg2 c5 24. Rxg7 Bxc3+ 25. bxc3 Ka5 26. Rxb7 Ka4 27. Qxa6+",1-0,lichess_200k_bins_16layers_ckpt_with_optimizer.pt,Stockfish 1,,2,1,0,0,0,27,27,False,False,False,False,lichess_200k_bins_16layers_ckpt_with_optimizer.pt vs. Stockfish 1,27,70.9491975307465,27,0,,,
1765878543-6158,"[White ""Magnus Carlsen""]
[Black ""Stockfish""]

1. e4 Nc6 2. Nf3 e5 3. Bc4 Bc5 4. d3 Nge7 5. Ng5 O-O 6. Qh5 Bxf2+ 7. Kxf2 h6 8. Nxf7 d5 9.",0-1,lichess_200k_bins_16layers_ckpt_with_optimizer.pt,Stockfish 1,,2,0,1,5,0,8,9,False,False,True,False,lichess_200k_bins_16layers_ckpt_with_optimizer.pt vs. Stockfish 1,9,21.899694442749,9,0,,,
1765878803-6174,"[White ""Magnus Carlsen""]
[Black ""Stockfish""]

1. e4 e5 2. Nf3 d5 3. exd5 Nf6 4. Nc3 Bb4 5. Bc4 O-O 6. O-O Re8 7. d3 Bxc3 8. bxc3 Nxd5 9. Bxd5 Qxd5 10. c4 Qc6 11. Bb2 e4 12. Nd4 Qb6 13. Rb1 c5 14. Ne2 exd3 15. cxd3 Bf5 16. Ng3 Qe6 17. Nxf5 Qxf5 18. Qd2 h5 19. Qc3 Qg4 20. h3 Qg6 21. Rfe1 Na6 22. Rxe8+ Rxe8 23. Re1 Rd8 24. Re3 h4 25. Re4 Nc7 26. Rg4 Rxd3 27. Rxg6 Rxc3 28. Rxg7+ Kxg7 29. Bxc3+ Kg6 30. g3 a6 31. gxh4 Kf5 32. Kg2 Ne6 33. Kg3 b6 34. h5 b5 35. cxb5 axb5 36. h6 Kg6 37. Bg7 c4 38. Kf3 f6 39. Ke3 Nc5 40. Kd4 Ne6+ 41. Kc3 Nf4 42. Kb4 Nxh3 43. Kxb5 f5 44. Kxc4 Kh7 45. a4 Nxf2 46. a5 Ng4 47. a6 Ne3+ 48. Kb5 f4 49. a7 f3 50. a8=Q f2 51. Qe4+ Kg8 52. Qxe3 f1=B+ 53. Kc5 Bg2 54. Qe8+ Kh7 55. Qh8+ Kg6 56. Qe8+ Kh7 57. Qe7 Bh1 58. Qf6 Bd5 59. Qf5+ Kg8 60. Qxd5+ Kh7 61. Qf5+ Kg8 62. Qf8+ Kh7 63. Qf5+ Kg8 64. Qg6",1/2-1/2,lichess_200k_bins_16layers_ckpt_with_optimizer.pt,Stockfish 1,,2,0.5,0.5,0,0,64,64,False,False,False,False,lichess_200k_bins_16layers_ckpt_with_optimizer.pt vs. Stockfish 1,64,259.69486618042,64,0,,,
1765878905-3961,"[White ""Magnus Carlsen""]
[Black ""Stockfish""]

1. e4 d5 2. exd5 c6 3. dxc6 bxc6 4. Nf3 e6 5. Bc4 Nf6 6. O-O Bd6 7. d4 Nbd7 8. Bg5 a5 9. Nc3 O-O 10. Ne4 Be7 11. Nxf6+ Nxf6 12. c3 Bb7 13. Ne5 h6 14. Bh4 Qc7 15. Bg3 Bd6 16. Qe2 c5 17. dxc5 Bxc5 18. Ng6 Qd7 19. Nxf8 Qc8 20. Nxe6 Ba7 21. Nf4 Qc6 22. Bd5 Qb6 23. Bxb7 Re8 24. Qf3 Rb8 25. Bd5 Qa6 26. Bxf7+ Kf8 27. Bb3 Ng4 28. Ne6+ Ke8 29. Qf8+ Kd7 30. Qxg7+ Ke8 31. Qxg4 a4 32. Qg8+ Kd7 33. Qf7+ Kc8 34. Qc7#",1-0,lichess_200k_bins_16layers_ckpt_with_optimizer.pt,Stockfish 1,,2,1,0,0,0,34,34,False,False,False,False,lichess_200k_bins_16layers_ckpt_with_optimizer.pt vs. Stockfish 1,34,102.207753419876,34,0,,,
1765879167-4353,"[White ""Magnus Carlsen""]
[Black ""Stockfish""]

1. e4 c6 2. d4 d6 3. Nc3 e5 4. Nf3 Qe7 5. Bc4 h6 6. O-O Nf6 7. Re1 Qc7 8. a4 Be7 9. h3 O-O 10. Be3 Na6 11. Qd2 Re8 12. Rad1 Be6 13. Bxe6 exd4 14. Nxd4 fxe6 15. Nxe6 Qd7 16. Nf4 Nc7 17. Ng6 Bd8 18. Bf4 Kf7 19. Nh4 Nh5 20. Bxd6 Ne6 21. Nf5 Kg8 22. e5 Qf7 23. g4 Kh8 24. gxh5 Qxf5 25. Qe3 Qxc2 26. Rd2 Qf5 27. Qe4 Qg5+ 28. Qg4 Qxd2 29. Re3 Bb6 30. Rf3 Qxb2 31. Ne4 Qe2 32. Rf7 Qxg4+ 33. hxg4 Bd4 34. Kg2 a5 35. f4 b5 36. f5 bxa4 37. fxe6 Rxe6 38. g5 Bxe5 39. Bxe5 Rxe5 40. g6 Rxe4 41. Rc7 a3 42. Rxc6 a2 43. Rc1 Re3 44. Ra1 a4 45. Rxa2 Rc3 46. Ra1 Kg8 47. Kf2 Rf8+ 48. Ke2 Rc5 49. Kd2 Ra5 50. Kd3 Rb8 51. Kc4 a3 52. Kc3 Rba8 53. Kb3 Rb5+ 54. Kc4 Rb7 55. Kc3 Rf8 56. Kc4 Rfb8 57. Kc3 Ra8 58. Kc4 Rd7 59. Kc3 a2 60. Kc4 Rc8+ 61. Kb3 Rd5 62. Kb2 Rb5+ 63. Ka3 Ra8#",0-1,lichess_200k_bins_16layers_ckpt_with_optimizer.pt,Stockfish 1,,2,0,1,0,0,63,63,False,False,False,False,lichess_200k_bins_16layers_ckpt_with_optimizer.pt vs. Stockfish 1,64,262.101217985153,63,0,,,
1765879245-4226,"[White ""Magnus Carlsen""]
[Black ""Stockfish""]

1. e4 e5 2. Nf3 d5 3. exd5 Qxd5 4. Nc3 Qd6 5. Bc4 Bg4 6. h3 Be6 7. Bxe6 Qxe6 8. O-O Nc6 9. Re1 Nge7 10. d4 Rd8 11. Nxe5 Nxd4 12. Nf3 Nxf3+ 13. Qxf3 Qxe1+ 14. Kh2 Ng6 15. Qxb7 Bd6+ 16. g3 O-O 17. Qxa7 Qe8 18. Be3 Kh8 19. Re1 Qc6 20. Qd4 Rfe8 21. Bh6 Bxg3+ 22. fxg3 Rxd4 23. Rxe8+ Qxe8 24. Be3 Rd8 25. Bf4 f6 26. Bxc7 Rd2+ 27. Kg1 Qe1#",0-1,lichess_200k_bins_16layers_ckpt_with_optimizer.pt,Stockfish 1,,2,0,1,0,0,27,27,False,False,False,False,lichess_200k_bins_16layers_ckpt_with_optimizer.pt vs. Stockfish 1,28,78.0012624263763,27,0,,,
1765879281-2830,"[White ""Magnus Carlsen""]
[Black ""Stockfish""]

1. e4 e5 2. Nf3 d5 3. exd5 Nf6 4. Nc3 Nbd7 5. d4 Nb6 6. dxe5 Nfxd5 7. Nxd5 Qxd5 8. Qxd5 c6 9. Qd1 Na4 10. Bc4 Be6 11. Bxe6 Rd8 12. Qe2 Ba3 13. bxa3 Nc3 14. Qc4 Rd1#",0-1,lichess_200k_bins_16layers_ckpt_with_optimizer.pt,Stockfish 1,,2,0,1,0,0,14,14,False,False,False,False,lichess_200k_bins_16layers_ckpt_with_optimizer.pt vs. Stockfish 1,15,35.7262139320374,14,0,,,
1765879461-8125,"[White ""Magnus Carlsen""]
[Black ""Stockfish""]

1. e4 Nf6 2. e5 Nd5 3. d4 c5 4. c4 Nc7 5. d5 b5 6. b3 e6 7. d6 Bb7 8. dxc7 Qxc7 9. Nf3 b4 10. Bd3 Bxf3 11. Qxf3 Nc6 12. Bf4 g5 13. Bg3 d6 14. exd6 Bxd6 15. Bxd6 Qxd6 16. O-O Rd8 17. Be4 Nd4 18. Qf6 Qf4 19. Qxf4 gxf4 20. Nd2 Ne2+ 21. Kh1 f5 22. Bf3 Nc3 23. Nb1 Kf7 24. Nxc3 bxc3 25. Rac1 Rd3 26. Rfd1 Rhd8 27. Rxd3 Rxd3 28. Kg1 Kf6 29. Kf1 a6 30. Ke2 Rd4 31. Rxc3 h5 32. Rd3 Rxd3 33. Kxd3 h4 34. h3 e5 35. Bd5 a5 36. a3 Ke7 37. b4 e4+ 38. Kc3 axb4+ 39. axb4 Kf6 40. bxc5 Kg6 41. c6 Kg5 42. c7 Kh6 43. c8=Q Kh5 44. Qxf5+ Kh6 45. Qxf4+ Kg6 46. Qxe4+ Kh6 47. Qxh4+ Kg7 48. Qg4+ Kf8 49. Qf5+ Ke7 50. Qe6+ Kf8 51. Qf7#",1-0,lichess_200k_bins_16layers_ckpt_with_optimizer.pt,Stockfish 1,,2,1,0,0,0,51,51,False,False,False,False,lichess_200k_bins_16layers_ckpt_with_optimizer.pt vs. Stockfish 1,51,180.320283889771,51,0,,,
1765879637-5041,"[White ""Magnus Carlsen""]
[Black ""Stockfish""]

1. e4 d5 2. exd5 Nf6 3. Nc3 c6 4. dxc6 Nxc6 5. Nf3 g6 6. Bb5 Qc7 7. O-O a6 8. Ba4 Bg7 9. d4 O-O 10. d5 Rd8 11. Bb3 Na5 12. Bg5 Nxb3 13. axb3 Bf5 14. Qd2 Be6 15. Bxf6 Bxf6 16. Rad1 Bg4 17. Qe3 Rac8 18. h3 Bxf3 19. Qxf3 Be5 20. Rfe1 Bf6 21. Re2 Bxc3 22. bxc3 Qxc3 23. Qxc3 Rxc3 24. Rxe7 Rc5 25. c4 b5 26. Ra7 bxc4 27. bxc4 a5 28. Rc1 h5 29. Kf1 Rdc8 30. Ke2 h4 31. Kd3 Kg7 32. Kd4 g5 33. Re1 Rxc4+ 34. Kd3 Kf6 35. Ree7 R8c5 36. Rxf7+ Kg6 37. Rg7+ Kf5 38. Raf7+ Ke5 39. Re7+ Kf6 40. Rgf7+ Kg6 41. Rg7+ Kf5 42. Rgf7+ Kg6 43. Rg7+ Kf5 44. Rgf7+ Kg6 45. Rg7+ Kh5 46. Rh7+ Kg6 47. Rhg7+ Kh5 48. Rh7+ Kg6 49. Rhg7+",1/2-1/2,lichess_200k_bins_16layers_ckpt_with_optimizer.pt,Stockfish 1,,2,0.5,0.5,0,0,49,49,False,False,False,False,lichess_200k_bins_16layers_ckpt_with_optimizer.pt vs. Stockfish 1,49,175.852822542191,49,0,,,
1765879726-8877,"[White ""Magnus Carlsen""]
[Black ""Stockfish""]

1. e4 e5 2. Nf3 Qe7 3. Bc4 Nc6 4. d3 Na5 5. Bb3 h6 6. Bd2 Nc6 7. Nc3 Qd8 8. Nd5 Bc5 9. Be3 Bxe3 10. Nxe3 Nge7 11. O-O Ng6 12. Nf5 Kf8 13. Qd2 d6 14. Qc3 Be6 15. Bxe6 fxe6 16. Ne3 Kg8 17. Qb3 Qd7 18. Qxb7 Kh7 19. Qb3 Rhf8 20. Qc3 a5 21. a3 Rxf3 22. gxf3 Nd4 23. Kg2 Qf7 24. Qd2 Rf8 25. Qd1 Qf4 26. Ng4 Nxf3 27. h3 d5 28. exd5 exd5 29. Qe2 h5 30. Ne3 Qh2#",0-1,lichess_200k_bins_16layers_ckpt_with_optimizer.pt,Stockfish 1,,2,0,1,0,0,30,30,False,False,False,False,lichess_200k_bins_16layers_ckpt_with_optimizer.pt vs. Stockfish 1,31,89.1488366127014,30,0,,,
1765879944-7156,"[White ""Magnus Carlsen""]
[Black ""Stockfish""]

1. e4 Nc6 2. Nf3 e5 3. Bc4 d6 4. d3 Na5 5. Bb3 Nxb3 6. axb3 Nf6 7. Bg5 Bg4 8. h3 Bxf3 9. Qxf3 Be7 10. Nc3 c6 11. O-O Nd7 12. Bxe7 Qxe7 13. Qg3 f6 14. f4 Nb6 15. fxe5 dxe5 16. Rf2 O-O 17. Raf1 Kh8 18. Ne2 Rae8 19. Qe3 Qd8 20. Ng3 Nc8 21. Nf5 b6 22. Qg3 Qd7 23. Qg4 Rg8 24. Qh5 g6 25. Qh6 gxf5 26. Rxf5 Qd4+ 27. Kh1 Qd8 28. Rxf6 Qe7 29. Rf7 Qxf7 30. Rxf7 a5 31. Qxc6 b5 32. Qxb5 Nd6 33. Qd7 Nxf7 34. Qxf7 Ref8 35. Qe6 Rf1+ 36. Kh2 Rg6 37. Qxe5+ Rgf6 38. Qxa5 h5 39. Qxh5+ Kg8 40. Qg5+ Kf8 41. Qc5+ Kg8 42. b4 Kg7 43. b5 R6f2 44. b6 Rf7 45. Qg5+ Kf8 46. Qc5+ Kg8 47. Qc8+ Rf8 48. Qg4+ Kh7 49. b7 R1f6 50. Qh5+ Kg8 51. Qg5+ Rg6 52. Qxg6+ Kh8 53. Qh6+ Kg8 54. Qxf8+ Kh7 55. b8=Q Kg6 56. Qbd6+ Kg5 57. Qff4+ Kh5 58. Qdh6#",1-0,lichess_200k_bins_16layers_ckpt_with_optimizer.pt,Stockfish 1,,2,1,0,0,0,58,58,False,False,False,False,lichess_200k_bins_16layers_ckpt_with_optimizer.pt vs. Stockfish 1,58,217.68048620224,58,0,,,
1765881030-8463,"[White ""Magnus Carlsen""]
[Black ""Stockfish""]

1. e4 d5 2. exd5 g6 3. Nc3 Bg7 4. Nf3 Nf6 5. Bc4 Nbd7 6. d3 Nb6 7. Bb3 a5 8. a4 O-O 9. O-O h6 10. Be3 Nfxd5 11. Nxd5 Nxd5 12. Bxd5 Qxd5 13. c4 Qf5 14. Rb1 b6 15. b3 Bb7 16. Nd4 Bxd4 17. Bxd4 Rfd8 18. Be3 c5 19. Bxh6 e5 20. Be3 f6 21. Qe2 Rxd3 22. Rbd1 Be4 23. Rxd3 Kf7 24. Rd2 Bxg2 25. Kxg2 g5 26. Qf3 Qc8 27. Qd5+ Kg7 28. Qd7+ Kh6 29. Qxc8 Rxc8 30. Rd6 Rh8 31. Rxf6+ Kh7 32. Rxb6 Rb8 33. Rxb8 g4 34. Rb5 Kg6 35. Rxc5 Kg7 36. Rxe5 Kg6 37. Rxa5 Kf7 38. Rg5 Kf8 39. Rxg4 Kf7 40. Rg5 Kf6 41. Rd1 Ke6 42. Rdd5 Kf6 43. Rgf5+ Kg6 44. Rd6+ Kxf5 45. Rd5+ Ke6 46. Rd4 Ke5 47. Rd5+ Ke6 48. Rd4 Ke5 49. Rd5+ Ke6 50. Rd4 Kf7 51. Rd5 Kg6 52. Rd4 Kh7 53. Rd5 Kg8 54. Rd4 Kf7 55. Rd5 Ke6 56. Rd4 Kf5 57. Rd5+ Kg4 58. Rd4+ Kf5 59. Rd5+ Kf6 60. Rd4 Ke6 61. Rd5 Ke7 62. Rd4 Ke6 63. Rd5 Kf6 64. Rd4 Ke5 65. Rd5+ Ke4 66. Rd4+ Ke5 67. Rd5+ Kf6 68. Rd4 Kf7 69. Rd5 Ke8 70.",0-1,lichess_200k_bins_16layers_ckpt_with_optimizer.pt,Stockfish 1,,2,0,1,0,0,70,70,False,False,True,False,lichess_200k_bins_16layers_ckpt_with_optimizer.pt vs. Stockfish 1,70,1085.99564409256,70,0,,,
1765881131-1889,"[White ""Magnus Carlsen""]
[Black ""Stockfish""]

1. e4 c6 2. d4 d6 3. Nc3 Nf6 4. f4 Nbd7 5. Nf3 Nb6 6. Bd3 e5 7. dxe5 Ng8 8. exd6 Qxd6 9. e5 Qc7 10. O-O Bd7 11. Ne4 Nd5 12. c4 Bf5 13. cxd5 Bxe4 14. Bxe4 Bb4 15. d6 Qd7 16. a3 Bc5+ 17. Kh1 g6 18. b4 Bb6 19. Bb2 Nf6 20. exf6 O-O-O 21. Ne5 Qc7 22. dxc7 Rxd1 23. Raxd1 Ba5 24. bxa5 Rf8 25. Nxf7 Rxf7 26. Rd8+ Kxc7 27. Rfd1 b6 28. Be5+ Kb7 29. Rb8+ Ka6 30. Bd3+ b5 31. a4 Rd7 32. axb5+ Kxa5 33. bxc6 Rb7 34. Rxb7 h5 35. Ra1#",1-0,lichess_200k_bins_16layers_ckpt_with_optimizer.pt,Stockfish 1,,2,1,0,0,0,35,35,False,False,False,False,lichess_200k_bins_16layers_ckpt_with_optimizer.pt vs. Stockfish 1,35,101.261585235596,35,0,,,
1765883441-8467,"[White ""Magnus Carlsen""]
[Black ""Stockfish""]

1. e4 c5 2. Nf3 e6 3. d4 d5 4. exd5 cxd4 5. Qxd4 a6 6. dxe6 Bxe6 7. Qxd8+ Kxd8 8. Nc3 Nd7 9. Bf4 Ke8 10. O-O-O Be7 11. Nd5 Bd8 12. Nc7+ Kf8 13. Nxa8 Ngf6 14. Bd6+ Ke8 15. Nc7+ Bxc7 16. Bxc7 g5 17. Nxg5 Rg8 18. Nxe6 fxe6 19. Bc4 Rxg2 20. Bxe6 Nc5 21. Bh3 Rxf2 22. Rhe1+ Nfe4 23. Bg3 Rf6 24. Bg2 Re6 25. Bxe4 Nxe4 26. Rd4 Kf7 27. Rdxe4 Rxe4 28. Rxe4 h6 29. Rb4 Ke6 30. Rxb7 Kd5 31. Rb6 Kc5 32. Rxh6 a5 33. Ra6 Kd5 34. Rxa5+ Ke4 35. Ra4+ Kd5 36. Rf4 Ke5 37. h4 Kd6 38. h5 Ke5 39. h6 Ke6 40. h7 Ke7 41. h8=Q Kd6 42. Qh5 Ke7 43. Rg4 Kf8 44. Rg6 Kf7 45. Qh7+ Ke8 46. Rg8#",1-0,lichess_200k_bins_16layers_ckpt_with_optimizer.pt,Stockfish 1,,2,1,0,0,0,46,46,False,False,False,False,lichess_200k_bins_16layers_ckpt_with_optimizer.pt vs. Stockfish 1,46,227.706025600433,46,0,,,
1765883692-7523,"[White ""Magnus Carlsen""]
[Black ""Stockfish""]

1. e4 e5 2. Nf3 d6 3. Bc4 Be7 4. d4 exd4 5. Nxd4 c6 6. O-O b5 7. Bb3 a6 8. a3 a5 9. Nc3 a4 10. Ba2 Nf6 11. Re1 Qc7 12. Bf4 O-O 13. e5 dxe5 14. Bxe5 Qb6 15. Nf3 Nbd7 16. Bd4 Qd8 17. Ne5 Bb7 18. Nxd7 Qxd7 19. Bxf6 Qxd1 20. Raxd1 Bxf6 21. Rd7 b4 22. axb4 Rab8 23. Nxa4 Bc8 24. Rc7 Bd8 25. Rxc6 Bd7 26. Rc4 Bxa4 27. b3 Be8 28. Rce4 Bf6 29. c4 Bd7 30. b5 g6 31. Rd1 Be6 32. Rd6 Rbd8 33. Rxd8 Rxd8 34. h3 Rd1+ 35. Kh2 Bd4 36. f3 Kf8 37. b6 Bxb6 38. b4 Bc7+ 39. g3 Rc1 40. c5 Bxa2 41. b5 f5 42. Ra4 Bc4 43. b6 Be6 44. bxc7 Rc2+ 45. Kg1 Rxc5 46. Ra8+ Kf7 47. Ra7 Kf6 48. Kf2 f4 49. g4 Ke5 50. Ke2 Bd5 51. Kd3 h6 52. c8=Q Rxc8 53. Re7+ Kd6 54. Rg7 Ke5 55. Rxg6 Ra8 56. Rxh6 Ra3+ 57. Ke2 Kd4 58. Rd6 Re3+ 59. Kf2 Rxf3+ 60. Kg2 Rc3+ 61. Kf2 Rf3+ 62. Kg2 Ra3+ 63. Kf2 Ra2+ 64. Kg1 f3 65. h4 f2+ 66. Kf1 Rc2 67. h5 Ke4 68. h6 Bc4+ 69. Kg2 f1=Q+ 70. Kg3 Qf2+ 71. Kh3 Rc3+ 72. Rd3 Rxd3#",0-1,lichess_200k_bins_16layers_ckpt_with_optimizer.pt,Stockfish 1,,2,0,1,0,0,72,72,False,False,False,False,lichess_200k_bins_16layers_ckpt_with_optimizer.pt vs. Stockfish 1,73,478.326471567154,72,0,,,
1765883917-6552,"[White ""Magnus Carlsen""]
[Black ""Stockfish""]

1. e4 e5 2. Nf3 Nc6 3. Bc4 d6 4. d3 a6 5. Ng5 d5 6. exd5 b5 7. Bb3 Nd4 8. d6 Nxb3 9. axb3 Qd7 10. dxc7 f6 11. Ne4 f5 12. Nc5 Bxc5 13. Qh5+ g6 14. Qg5 Bb7 15. O-O Bd6 16. Nc3 Qxc7 17. Nd5 Qg7 18. Nb6 h6 19. Qe3 Rd8 20. d4 Ne7 21. dxe5 Bb8 22. e6 f4 23. Qc5 Nc6 24. Re1 Qe7 25. Qxe7+ Kxe7 26. Nd5+ Ke8 27. Nf6+ Ke7 28. Nd5+ Rxd5 29. c4 Rf5 30. cxb5 Re5 31. Rxe5 Bxe5 32. bxc6 Bxc6 33. Rxa6 Rc8 34. Ra7+ Kf6 35. e7 Kf7 36. g3 Be8 37. gxf4 Bd6 38. f5 Rxc1+ 39. Kg2 Rc6 40. fxg6+ Kxg6 41. Ra8 Bxe7 42. Rxe8 Bg5 43. Rg8+ Kh7 44. Re8 Rc2 45. Re7+ Bxe7 46. Kg3 Kg6 47. f4 Ba3 48. Kg4 Be7 49. f5+ Kg7 50. Kh5 Rxb2 51. h4 Bf8 52. f6+ Kf7 53. Kg4 Ke6 54. Kh5 Rxb3 55. Kg6 Re3 56. f7 Rh3 57. Kh7 Kxf7 58. Kh8 h5 59. Kh7 Rg3 60. Kh8 Bb4 61. Kh7 Bc5 62. Kh8 Be7 63. Kh7 Bc5 64. Kh8 Bd6 65. Kh7 Bf8 66. Kh8 Bc5 67. Kh7 Be7 68. Kh8 Bf8 69. Kh7 Rg2 70. Kh8 Rg6 71. Kh7 Rd6 72. Kh8 Rb6 73. Kh7 Ra6 74. Kh8 Rh6#",0-1,lichess_200k_bins_16layers_ckpt_with_optimizer.pt,Stockfish 1,,2,0,1,0,0,74,74,False,False,False,False,lichess_200k_bins_16layers_ckpt_with_optimizer.pt vs. Stockfish 1,75,476.261019706726,74,0,,,
1765883923-1504,"[White ""Magnus Carlsen""]
[Black ""Stockfish""]

1. e4 e5 2. Nf3 d5 3. exd5 e4 4. Nd4 Be7 5. Nc3 Nf6 6. Bc4 O-O 7. O-O a6 8. a4 c5 9. Nde2 Nbd7 10. d3 Ne5 11. Bb3 b5 12. dxe4 c4 13. Ba2 b4 14. Nb1 b3 15. cxb3 Bc5 16. Nbc3 Nfg4 17. h3 Qh4 18. Nd4 Nd3 19. Be3 Nxe3 20. fxe3 Bxh3 21. gxh3 Bxd4 22. exd4 Rab8 23. Qf3 Rb4 24. bxc4 Qg5+ 25. Kh1 Rxb2 26. Rab1 Rc2 27. Rbc1 Nxc1 28. Rg1 Qh4 29. Rg4 Qe1+ 30. Rg1 Qd2 31. Rg2 Qxc3 32. Qxc3 Rxc3 33. c5 Rb8 34. c6 g6 35. d6 Rxc6 36. e5 Rc3 37. Rf2 Nxa2 38. Rxa2 Kg7 39. Rf2 Rd3 40. Rf4 g5 41. Rg4 Ra3 42. Rxg5+ Kf8 43. Rh5 Rb1+ 44. Kg2 Rb2+ 45. Kf1 Ra1#",0-1,lichess_200k_bins_16layers_ckpt_with_optimizer.pt,Stockfish 1,,2,0,1,0,0,45,45,False,False,False,False,lichess_200k_bins_16layers_ckpt_with_optimizer.pt vs. Stockfish 1,46,230.964416742325,45,0,,,
1765883986-4079,"[White ""Magnus Carlsen""]
[Black ""Stockfish""]

1. e4 c6 2. d4 e6 3. Nf3 Nf6 4. Nc3 d6 5. Bg5 h6 6. Bh4 Be7 7. Bd3 Nbd7 8. O-O Qc7 9. Re1 O-O 10. e5 Nxe5 11. dxe5 dxe5 12. Nxe5 Rd8 13. Qf3 b5 14. Nxc6 Bc5 15. Nxd8 Bd6 16. Qxa8 Bxh2+ 17. Kh1 Qe7 18. Nc6 Qc7 19. Nxa7 Qd8 20. Nxc8 Qd4 21. Bxf6 Qxf6 22. Ne7+",1-0,lichess_200k_bins_16layers_ckpt_with_optimizer.pt,Stockfish 1,,2,1,0,0,0,22,22,False,False,False,False,lichess_200k_bins_16layers_ckpt_with_optimizer.pt vs. Stockfish 1,22,69.1673836708069,22,0,,,
1765884028-4727,"[White ""Magnus Carlsen""]
[Black ""Stockfish""]

1. e4 d5 2. exd5 Qxd5 3. Nc3 Qe6+ 4. Be2 Qd6 5. Nf3 a6 6. O-O Nf6 7. d4 Nc6 8. Be3 g6 9. Qd2 Bf5 10. Bf4 Qd8 11. Rad1 Nb4 12. Bd3 e6 13. Bxf5 exf5 14. Rfe1+ Kd7 15. Ne5+ Kc8 16. Nxf7 Ne4 17. Nxe4 Qd5 18. Nxh8 Qxe4 19. Rxe4 Bd6 20. Re8+ Kd7 21. Rxa8 Bf8 22. Rxf8 Nc6 23. Rf7+ Kc8 24. Rxc7+ Kd8 25. Rxb7 h6 26. Rb6 Kd7 27. Rxc6 Kxc6 28. Qc3+ Kb5 29. Qc5+ Ka4 30. b3+",1-0,lichess_200k_bins_16layers_ckpt_with_optimizer.pt,Stockfish 1,,2,1,0,0,0,30,30,False,False,False,False,lichess_200k_bins_16layers_ckpt_with_optimizer.pt vs. Stockfish 1,30,105.774485111237,30,0,,,
1765884102-2036,"[White ""Magnus Carlsen""]
[Black ""Stockfish""]

1. e4 c5 2. Nf3 Nc6 3. d4 e6 4. d5 Nb8 5. c4 a6 6. Nc3 Be7 7. Bd3 exd5 8. exd5 g6 9. O-O d6 10. Re1 Bg4 11. h3 Bc8 12. Bg5 a5 13. Qe2 Nd7 14. Nb5 Ndf6 15. Bxf6 Nxf6 16. Ng5 Kf8 17. Qf3 Kg7 18. Re2 Re8 19. Rae1 h6 20. Ne4 Nxe4 21. Rxe4 Bd7 22. Nc3 Rb8 23. Qe2 Bf8 24. Rxe8 Ra8 25. Rxd8 Rxd8 26. Ne4 f5 27. Ng3 Kf7 28. Qf3 Re8 29. Rxe8 Bb5 30. Qe2 Bg7 31. Qe6+",1-0,lichess_200k_bins_16layers_ckpt_with_optimizer.pt,Stockfish 1,,2,1,0,0,0,31,31,False,False,False,False,lichess_200k_bins_16layers_ckpt_with_optimizer.pt vs. Stockfish 1,31,115.463608980179,31,0,,,
1765884236-1615,"[White ""Magnus Carlsen""]
[Black ""Stockfish""]

1. e4 c5 2. Nf3 e6 3. d4 Nf6 4. e5 Ng8 5. d5 Ne7 6. d6 Nf5 7. Bd3 Nh4 8. Nxh4 Qxh4 9. O-O f5 10. exf6 Qxf6 11. Nc3 Nc6 12. Ne4 Qg6 13. Nxc5 Qf7 14. Be3 b6 15. Ne4 Bb7 16. Ng5 Qg8 17. Qh5+ g6 18. Qf3 Bxd6 19. Ne4 Qf8 20. Nxd6+ Qxd6 21. Bf4 Qb4 22. Bg5 Rc8 23. Qf6 Qd4 24. Qxd4 O-O 25. Qh4 Ne5 26. Bf6 Bxg2 27. Kxg2 Rc3 28. Bxe5 Rxd3 29. cxd3 g5 30. Qxg5+ Kf7 31. Qg7+ Ke8 32. Bd6 Rxf2+ 33. Rxf2 h6 34. Qe7#",1-0,lichess_200k_bins_16layers_ckpt_with_optimizer.pt,Stockfish 1,,2,1,0,0,0,34,34,False,False,False,False,lichess_200k_bins_16layers_ckpt_with_optimizer.pt vs. Stockfish 1,34,134.468157529831,34,0,,,
1765884267-1107,"[White ""Magnus Carlsen""]
[Black ""Stockfish""]

1. e4 c5 2. Nf3 d6 3. d4 cxd4 4. Nxd4 Nc6 5. Nc3 e5 6. Nb3 Nf6 7. Be3 Be6 8. f3 Be7 9. Qd2 d5 10. exd5 Nxd5 11. Nxd5 Bxd5 12. O-O-O Be6 13. Qf2 Qb8 14. Bb5 Qc8 15. Nc5 Bf5 16. g4 Be6 17. Nxe6 fxe6 18. Bc5 Rf8 19. Bxe7 Kxe7 20. Qc5+ Kf7 21. Bxc6 Qxc6 22. Qxe5 Rac8 23. c3 Rce8 24. Rhf1 Kg8 25. f4 b5 26. Rd6 Qc4 27. Rfd1 Rxf4 28. Rd8 Kf7 29. R1d7+ Re7 30. Rxe7+ Kxe7 31. Qd6+ Kf6 32. Rf8+ Kg5 33. Qe7+ Kh6 34. g5+ Kh5 35. Qxg7 Qf1+ 36. Kc2 Rxf8 37. Qxh7+ Kg4 38. Qe4+ Kh5 39. Qh7+ Kg4 40. Qe4+ Kh3 41. Qh7+ Kg2 42. Qe4+ Kh3 43. Qh7+ Kg4 44. Qe4+ Kh3 45. Qh7+ Kg4 46. Qe4+ Kh3 47. Qh7+ Kg2 48. Qe4+ Kh3",1/2-1/2,lichess_200k_bins_16layers_ckpt_with_optimizer.pt,Stockfish 1,,2,-10000000000,-10000000000,0,0,48,48,False,False,False,False,lichess_200k_bins_16layers_ckpt_with_optimizer.pt vs. Stockfish 1,49,238.196544885635,48,0,,,
1765884363-7443,"[White ""Magnus Carlsen""]
[Black ""Stockfish""]

1. e4 e6 2. d4 c5 3. d5 Nf6 4. Nc3 Na6 5. Bxa6 bxa6 6. Nf3 Rb8 7. O-O Qc7 8. e5 Nxd5 9. Nxd5 exd5 10. Qxd5 Be7 11. Bf4 Rxb2 12. e6 dxe6 13. Bxc7 exd5 14. Rfe1 Rxc2 15. Bd6 Be6 16. Bxe7 Kxe7 17. Ng5 Kd7 18. Nxe6 fxe6 19. Re5 g6 20. Rae1 d4 21. Rxe6 d3 22. Re7+ Kc6 23. Rxa7 Rd8 24. Rxa6+ Kd5 25. Rae6 d2 26. R6e5+ Kd6 27. Re6+ Kd5 28. R6e5+ Kc4 29. R5e4+ Rd4 30. Rxd4+ cxd4 31. Rd1 Rc1 32. Rxc1+ dxc1=R#",0-1,lichess_200k_bins_16layers_ckpt_with_optimizer.pt,Stockfish 1,,2,0,1,0,0,32,32,False,False,False,False,lichess_200k_bins_16layers_ckpt_with_optimizer.pt vs. Stockfish 1,33,126.412759780884,32,0,,,
1765884426-5407,"[White ""Magnus Carlsen""]
[Black ""Stockfish""]

1. e4 Nc6 2. Nf3 d5 3. exd5 Qxd5 4. Nc3 Qd6 5. d4 a6 6. Be3 Nf6 7. Bd3 Bd7 8. O-O e6 9. Re1 O-O-O 10. a3 e5 11. dxe5 Nxe5 12. Nxe5 Qxe5 13. Ba7 Qd6 14. Qf3 Ng4 15. g3 Qh6 16. h4 Qf6 17. Qxf6 gxf6 18. Nd5 Rg8 19. Ne7+ Bxe7 20. Rxe7 Ne5 21. Be4 Nc6 22. Bxc6 bxc6 23. Rxf7 Bg4 24. Rxf6 Rgf8 25. Rxc6 h5 26. Rxa6 Be2 27. Re6 Bg4 28. Re4 Rd2 29. Rc4 Be2 30. Rc3 Ba6 31. Be3 Rd7 32. Rc5 Be2 33. Re1 Bf3 34. Ra5 Rfd8 35. Ra8+ Bxa8 36. Bg5 Rd1 37. Rxd1 Rxd1+ 38. Kh2 Rh1#",0-1,lichess_200k_bins_16layers_ckpt_with_optimizer.pt,Stockfish 1,,2,0,1,0,0,38,38,False,False,False,False,lichess_200k_bins_16layers_ckpt_with_optimizer.pt vs. Stockfish 1,39,159.46832036972,38,0,,,Single thread run game time average (rows 1-85)
1765884524-7867,"[White ""Magnus Carlsen""]
[Black ""Stockfish""]

1. e4 c6 2. d4 d5 3. e5 c5 4. c3 Nc6 5. Nf3 a6 6. Bd3 Qc7 7. O-O cxd4 8. cxd4 Bg4 9. Be3 Bxf3 10. Qxf3 e6 11. Nc3 g6 12. Rac1 h5 13. Bg5 Be7 14. Bxe7 Ncxe7 15. Nxd5 Nxd5 16. Rxc7 Nxc7 17. Qxb7 Ne7 18. Qxc7 Nf5 19. Bxf5 O-O 20. Be4 Rad8 21. Rd1 Rxd4 22. Rxd4 Re8 23. Rd8 Kg7 24. Rxe8 h4 25. Re7 Kf8 26. Rxf7+ Kg8 27. Rg7+ Kh8 28. Rh7+ Kg8 29. Qf7+",1-0,lichess_200k_bins_16layers_ckpt_with_optimizer.pt,Stockfish 1,,2,1,0,0,0,29,29,False,False,False,False,lichess_200k_bins_16layers_ckpt_with_optimizer.pt vs. Stockfish 1,29,98.0893535614014,29,0,,,203.789010147254
1765884590-3722,"[White ""Magnus Carlsen""]
[Black ""Stockfish""]

1. e4 e5 2. Nf3 d5 3. exd5 Qxd5 4. Nc3 Qc5 5. d4 exd4 6. Nxd4 Qe5+ 7. Be2 Bb4 8. O-O Bxc3 9. bxc3 Nf6 10. Re1 O-O 11. Ba3 Re8 12. Bb5 Qxe1+ 13. Qxe1 Rxe1+ 14. Rxe1 h6 15. Bd3 Na6 16. Nf5 Bd7 17. Ne7+ Kf8 18. Ng6+ Kg8 19. Ne7+ Kh8 20. Nf5 Be6 21. Nd4 Bd5 22. c4 Bc6 23. Nxc6 h5 24. Ne5 Re8 25. Nxf7+ Kg8 26. Rxe8+ Kxf7 27. Re7+ Kf8 28. Re1+ Kf7 29. Re7+ Kg8 30. Bg6 Kh8 31. Re8+ Ng8 32. Bf7 h4 33. Bxg8 c5 34. Bd5+ Kh7 35. Be4+ g6 36. Re7+ Kh8 37. Bb2+ Kg8 38. Bxg6 Nc7 39. Rxc7 Kf8 40. Rxb7 a5 41. Ra7 a4 42. Rxa4 h3 43. gxh3 Ke7 44. Ra6 Kd8 45. Bf6+ Kc8 46. Bf5+ Kb7 47. Re6 Ka8 48. Re7 Kb8 49. Be5+ Ka8 50. Be4#",1-0,lichess_200k_bins_16layers_ckpt_with_optimizer.pt,Stockfish 1,,2,1,0,0,0,50,50,False,False,False,False,lichess_200k_bins_16layers_ckpt_with_optimizer.pt vs. Stockfish 1,50,227.139857053757,50,0,,,2 parallel threads game time average (rows 86-99)
1765884787-8876,"[White ""Magnus Carlsen""]
[Black ""Stockfish""]

1. e4 c5 2. Nf3 e6 3. d4 cxd4 4. Nxd4 a6 5. Nc3 Qc7 6. Be3 Bb4 7. Qd2 d6 8. a3 Bxc3 9. Qxc3 Kd8 10. Qxc7+ Kxc7 11. O-O-O e5 12. Nb3 Nc6 13. Bc4 Be6 14. Bxe6 fxe6 15. f4 Rc8 16. fxe5 Nxe5 17. Bf4 Re8 18. Bxe5 dxe5 19. Rhf1 h6 20. Rf7+ Kc8 21. Rxg7 Nf6 22. Nc5 Rh7 23. Rxh7 b6 24. Rxh6 Ng8 25. Rh8 a5 26. Nxe6 Nf6 27. Rxe8+ Nxe8 28. Rd8+ Kb7 29. Rxe8 Ka6 30. Re7 Kb5 31. Nc7+ Kc4 32. Rxe5 a4 33. Rb5 Kd4 34. Rxb6 Kc4 35. Rb4+ Kc5 36. Rxa4 Kb6 37. Rd4 Kb7 38. e5 Kc6 39. e6 Kc5 40. e7 Kb6 41. e8=Q Kxc7 42. Qe6 Kb8 43. Rd7 Ka8 44. Qe8#",1-0,lichess_200k_bins_16layers_ckpt_with_optimizer.pt,Stockfish 1,,2,1,0,0,0,44,44,False,False,False,False,lichess_200k_bins_16layers_ckpt_with_optimizer.pt vs. Stockfish 1,44,196.923852443695,44,0,,,206.02587550027
1765885339-1388,"[White ""Magnus Carlsen""]
[Black ""Stockfish""]

1. e4 d5 2. exd5 Nf6 3. Nc3 e5 4. dxe6 fxe6 5. Nf3 Nc6 6. Bb5 Bd7 7. O-O a6 8. Bxc6 Bd6 9. Bxd7+ Qxd7 10. d4 O-O-O 11. Bg5 h6 12. Bxf6 gxf6 13. Ne4 Rhg8 14. Nxf6 Qf7 15. Nxg8 Rxg8 16. Ne5 Qf4 17. g3 Bxe5 18. dxe5 Qxe5 19. Re1 Qf5 20. Qd3 Qh3 21. Rad1 Rf8 22. Qd7+ Kb8 23. Qd8+ Ka7 24. Qxf8 b6 25. Rd8 h5 26. Ra8+ Kb7 27. Qb8+ Kc6 28. Rxa6 h4 29. Qa8+ Kc5 30. Qa7 Kc6 31. Rxb6+ cxb6 32. Qa4+ Kc5 33. Qa3+ Kd5 34. Qd3+ Kc5 35. Re5+ Kc6 36. Qb5+ Kd6 37. Qxb6+ Kd7 38. Qb7+ Kd8 39. Qb8+ Kd7 40. Qb7+ Kd8 41. Qb8+ Kd7 42. Qb7+ Kd8 43. Qb8+ Kd7 44. Qb7+ Ke8 45. Qb8+ Kf7 46. Qb7+ Kf6 47. Qb8 hxg3 48. Qf8+ Kg6 49. Qg8+ Kf6 50. Qf8+ Kxe5 51. Qg7+ Ke4 52. Qxg3 Qh5 53. Qe3+ Kd5 54. Qd3+ Kc6 55. Qc3+ Kd6 56. Qb4+ Kd7 57. Qb7+ Ke8 58. Qc8+ Kf7 59. Qd7+ Kg6 60. Qxe6+ Kg5 61. Qe5+ Kg4 62. Qxh5+ Kf4 63. Qh4+ Kf5 64. Qh5+ Ke6 65. Qh6+ Kf5 66. Qh5+ Kf4 67. Qh4+ Kf3 68. Qh5+ Ke4 69. Qh4+ Kd5 70. Qh5+ Kd4 71. Qh4+ Ke5 72. Qh5+ Kf6 73. Qh6+ Ke5 74. Qh5+ Kf6 75. Qh6+ Kf7 76.",0-1,lichess_200k_bins_16layers_ckpt_with_optimizer.pt,Stockfish 1,,2,0,1,0,0,76,76,False,False,True,False,lichess_200k_bins_16layers_ckpt_with_optimizer.pt vs. Stockfish 1,76,492.085389137268,76,0,,,
1765885441-4596,"[White ""Magnus Carlsen""]
[Black ""Stockfish""]

1. e4 c6 2. d4 g6 3. Nc3 d6 4. Be3 Nd7 5. Qd2 b5 6. f3 Bg7 7. O-O-O Ngf6 8. g4 Qa5 9. Kb1 Rb8 10. h4 h6 11. Nh3 b4 12. Ne2 c5 13. dxc5 dxc5 14. Nef4 Ne5 15. Be2 c4 16. Nd5 Rb7 17. Nxf6+ Bxf6 18. Qd5 Rb5 19. Qa8 O-O 20. Qxa7 Nxf3 21. Qxa5 Rxa5 22. Bxf3 Bxg4 23. Bxg4 Rfa8 24. Bxh6 Be5 25. Bf4 Bxb2 26. Kxb2 Rxa2+ 27. Kc1 c3 28. Kb1 Ra1#",0-1,lichess_200k_bins_16layers_ckpt_with_optimizer.pt,Stockfish 1,,2,0,1,5,0,28,28,False,False,True,False,lichess_200k_bins_16layers_ckpt_with_optimizer.pt vs. Stockfish 1,29,102.228338003159,28,5,,,
1765885557-2108,"[White ""Magnus Carlsen""]
[Black ""Stockfish""]

1. e4 e6 2. d4 d5 3. e5 c5 4. c3 Bd7 5. Nf3 Nc6 6. Be2 f6 7. O-O Rc8 8. Bf4 g5 9. Bg3 f5 10. h3 g4 11. hxg4 Nge7 12. gxf5 cxd4 13. fxe6 Bxe6 14. Nxd4 Bf7 15. e6 Nxd4 16. exf7+ Kxf7 17. Qxd4 Rc6 18. Qxh8 Ng6 19. Qxh7+ Ke8 20. Bh5 Qf6 21. Bxg6+ Qxg6 22. Qxg6+ Rxg6 23. Nd2 Ra6 24. Nf3 Bc5 25. Rfe1+ Kd8 26. Rad1 Kc8 27. Rxd5 Re6 28. Rxe6 a6 29. Rxc5+ Kd7 30. Rd6+ Ke8 31. Rc7 a5 32. Rh6 Kf8 33. Rh8#",1-0,lichess_200k_bins_16layers_ckpt_with_optimizer.pt,Stockfish 1,,2,1,0,0,0,33,33,False,False,False,False,lichess_200k_bins_16layers_ckpt_with_optimizer.pt vs. Stockfish 1,33,115.595487594604,33,0,,,
1765885709-6929,"[White ""Magnus Carlsen""]
[Black ""Stockfish""]

1. e4 e5 2. Nf3 Nc6 3. Bc4 d6 4. d3 Be7 5. Nc3 a5 6. Nd5 Bd7 7. Nxe7 Ngxe7 8. Ng5 Qc8 9. Nxf7 Rf8 10. Ng5 Bg4 11. f3 b5 12. Bxb5 h6 13. Nh7 Rh8 14. fxg4 Qb7 15. Bxc6+ Qxc6 16. g5 Ng6 17. gxh6 Nh4 18. hxg7 Nxg2+ 19. Kf1 Ne3+ 20. Bxe3 Rxh7 21. g8=Q+ Kd7 22. Qxh7+ Kd8 23. Qg8+ Qe8 24. Qxe8+ Kxe8 25. Qh5+ Kd8 26. Qh8+ Ke7 27. Qxa8 c5 28. Qxa5 Kf8 29. Qa6 Ke8 30. Qxd6 c4 31. Qxe5+ Kd8 32. Qd5+ Ke7 33. Qxc4 Kd7 34. Qd5+ Ke8 35. Qe6+ Kd8 36. Qf7 Kc8 37. Qe7 Kb8 38. Qd7 Ka8 39. Qc7",1/2-1/2,lichess_200k_bins_16layers_ckpt_with_optimizer.pt,Stockfish 1,,2,0.5,0.5,0,0,39,39,False,False,False,False,lichess_200k_bins_16layers_ckpt_with_optimizer.pt vs. Stockfish 1,39,151.70259141922,39,0,,,
1765886136-3717,"[White ""Magnus Carlsen""]
[Black ""Stockfish""]

1. e4 c6 2. d4 d6 3. Nc3 g6 4. f4 d5 5. e5 Nh6 6. Nf3 Qc7 7. Bd3 e6 8. O-O a6 9. Ne2 Qb6 10. c3 c5 11. h3 cxd4 12. cxd4 Ng8 13. g4 Bd7 14. Kg2 Nc6 15. a3 Na5 16. b4 Nc4 17. Bxc4 dxc4 18. Nc3 O-O-O 19. Be3 Ne7 20. d5 Qxe3 21. Qd2 Qxd2+ 22. Nxd2 Bc6 23. dxc6 Rxd2+ 24. Kf3 Rd3+ 25. Ke4 Rxc3 26. cxb7+ Kxb7 27. Rfd1 Rd3 28. Rxd3 cxd3 29. Kxd3 Nd5 30. Ke4 Bg7 31. Rc1 Bh6 32. g5 Bg7 33. Rc5 Rd8 34. h4 Rb8 35. h5 Bf8 36. Rc4 Kb6 37. h6 a5 38. bxa5+ Kb5 39. Rc1 Kxa5 40. Rb1 Nc3+ 41. Kd3 Nxb1 42. Kc2 Ka4 43. Kd3 Kxa3 44. Ke4 Kb3 45. f5 Nc3+ 46. Kf4 Kb2 47. fxg6 Rb4+ 48. Ke3 Nd5+ 49. Kd3 fxg6 50. Kd2 Rb8 51. Kd3 Rb4 52. Kd2 Rb3 53. Ke2 Bc5 54. Kd2 Bb4+ 55. Ke2 Bf8 56. Kd2 Bb4+ 57. Ke2 Nf4+ 58. Kf2 Ba3 59. Ke1 Nd5 60. Kd2 Rb8 61. Kd3 Rc8 62. Kd4 Rc5 63. Ke4 Rc3 64. Kd4 Ne7 65. Ke4 Rh3 66. Kd4 Rh4+ 67. Kd3 Nc6 68. Ke3 Nxe5 69. Kf2 Rg4 70. Ke3 Rh4 71. Kf2 Rg4 72.",0-1,lichess_200k_bins_16layers_ckpt_with_optimizer.pt,Stockfish 1,,2,0,1,0,0,72,72,False,False,True,False,lichess_200k_bins_16layers_ckpt_with_optimizer.pt vs. Stockfish 1,72,427.735558271408,72,0,,,
1765886354-8009,"[White ""Magnus Carlsen""]
[Black ""Stockfish""]

1. e4 Nf6 2. e5 Nd5 3. d4 c5 4. c4 Nb6 5. d5 g6 6. Nc3 d6 7. exd6 e5 8. dxe6 Bxe6 9. Nf3 Bxd6 10. Be2 Be7 11. O-O Nc6 12. Bh6 g5 13. Qc2 Qc7 14. Bg7 Nb4 15. Qb3 Rg8 16. Be5 Qd7 17. Rad1 Qc6 18. a3 Qxf3 19. Bxf3 Bxc4 20. Qa4+ Nxa4 21. Nxa4 Nc6 22. Bxc6+ bxc6 23. Rfe1 Be6 24. Bd6 c4 25. Nc5 Bxd6 26. Rxd6 Rb8 27. Nxe6 fxe6 28. Rexe6+ Kf8 29. Rf6+ Ke8 30. Rfe6+ Kf7 31. Rf6+ Ke7 32. Rfe6+ Kf7 33. Rf6+ Ke7 34. Rfe6+ Kf7 35. Rf6+ Kg7 36. Rfe6 Rgd8 37. Re7+ Kg8 38. Rxd8+ Rxd8 39. g3 a5 40. Rc7 Rd1+ 41. Kg2 Rc1 42. Rxc6 Rc2 43. Rc5 Kf7 44.",0-1,lichess_200k_bins_16layers_ckpt_with_optimizer.pt,Stockfish 1,,2,0,1,0,0,44,44,False,False,True,False,lichess_200k_bins_16layers_ckpt_with_optimizer.pt vs. Stockfish 1,44,217.648452758789,44,0,,,
1765886705-9168,"[White ""Magnus Carlsen""]
[Black ""Stockfish""]

1. e4 e6 2. d4 d5 3. e5 c5 4. c3 Bd7 5. Nf3 Nc6 6. Be2 f6 7. O-O Be7 8. Bf4 fxe5 9. Nxe5 Nf6 10. Nxc6 Bxc6 11. Be5 Rc8 12. Bh5+ g6 13. Bg4 Kd7 14. Nd2 h5 15. Bh3 g5 16. g3 cxd4 17. cxd4 h4 18. Rc1 hxg3 19. Bxg3 Rxh3 20. Nf3 Ng4 21. Ne5+ Nxe5 22. dxe5 Rh8 23. Qg4 Rf8 24. Rfd1 Qb6 25. b3 Qa5 26. a4 Qb4 27. Qxb4 Bxb4 28. Rd4 Ba5 29. Rg4 b5 30. Rxg5 Rf7 31. axb5 Bb7 32. Rxc8 Kxc8 33. Rg8+ Kc7 34. Rg6 Kd7 35. Rg8 Bd8 36. Rg4 Bb6 37. Rb4 Rh7 38. Ra4 d4 39. Ra2 Ba8 40. Rd2 Rf7 41. Rd3 Bf3 42. h4 Bh5 43. Kg2 Be2 44. Rd2 Bf3+ 45. Kh3 Ke8 46. Rd3 Rf5 47. Rd2 Rf7 48. Rd3 Be2 49. Rd2 d3 50. Kg2 Kf8 51. f4 Ba5 52. Ra2 d2 53. Rxa5 Bf3+ 54. Kxf3 d1=Q+ 55. Ke4 Qd2 56. Ra4 Qg2+ 57. Kd4 Qxg3 58. Kc5 Qe3+ 59. Kd6 Qb6#",0-1,lichess_200k_bins_16layers_ckpt_with_optimizer.pt,Stockfish 1,,2,0,1,0,0,59,59,False,False,False,False,lichess_200k_bins_16layers_ckpt_with_optimizer.pt vs. Stockfish 1,60,350.60661149025,59,0,,,
1765887169-3252,"[White ""Magnus Carlsen""]
[Black ""Stockfish""]

1. e4 c5 2. Nf3 a6 3. d4 Nf6 4. e5 Ne4 5. Bd3 f5 6. exf6 Nd6 7. fxg7 Bxg7 8. dxc5 Qa5+ 9. Bd2 Qxc5 10. Bc3 Bxc3+ 11. Nxc3 Kd8 12. O-O Re8 13. Ne4 Nxe4 14. Bxe4 a5 15. Bxh7 d6 16. Bg6 Rf8 17. Ng5 Qxg5 18. Be4 Nc6 19. Bxc6 bxc6 20. Qd3 Qf6 21. Rad1 Kc7 22. Qc3 Rf7 23. Qxf6 Rxf6 24. Rfe1 e6 25. Re3 e5 26. Rf3 Rxf3 27. gxf3 Rb8 28. b3 Bf5 29. c4 Rg8+ 30. Kf1 Bd7 31. Ke2 Rh8 32. Rh1 d5 33. cxd5 cxd5 34. Ke3 Kd6 35. f4 exf4+ 36. Kxf4 Bc6 37. Ke3 Rh4 38. f4 Rh7 39. Kd4 Rh4 40. Ke3 Rh8 41. Kd4 Be8 42. f5 Rh5 43. f6 Bf7 44. Rf1 Rxh2 45. Rf5 Rg2 46. Rf4 Rh2 47. Rf5 Rh3 48. Rf4 Rh2 49. Rf5 Rd2+ 50. Ke3 Rxa2 51. Kd4 Rh2 52. Rf4 Rh3 53. Rf5 Rh4+ 54. Kc3 Rb4 55. Rf3 d4+ 56. Kb2 a4 57. Rd3 Ke5 58. Ka3 Rxb3+ 59. Rxb3 axb3 60. Kb2 Kd6 61. Kc1 d3 62. Kd2 Bg6 63. Kc3 b2 64. Kxb2 d2 65. Kc3 d1=Q 66. Kc4 Bf7+ 67. Kc3 Bh5 68. Kc4 Qc1+ 69. Kd4 Bg6 70.",0-1,lichess_200k_bins_16layers_ckpt_with_optimizer.pt,Stockfish 1,,2,0,1,1,0,69,70,False,False,True,False,lichess_200k_bins_16layers_ckpt_with_optimizer.pt vs. Stockfish 1,70,464.053102731705,70,0,,,
1765885416-8099,"[White ""Magnus Carlsen""]
[Black ""Stockfish""]

1. e4 c5 2. Nf3 a6 3. d4 Nf6 4. e5 Ng8 5. d5 d6 6. c4 e6 7. Nc3 Be7 8. Bf4 Nh6 9. Bxh6 gxh6 10. Qd2 dxe5 11. Nxe5 Bd6 12. Nf3 Qe7 13. Qxh6 Rg8 14. Qxh7 Qf8 15. O-O-O e5 16. Ne4 Be7 17. d6 Rh8 18. Qxh8 Qxh8 19. dxe7 Kxe7 20. Nxc5 Qh6+ 21. Kb1 Qb6 22. Ne4 Be6 23. Nxe5 Qa5 24. f4 f6 25. Ng6+ Kf7 26. Nh4 Bg4 27. Rc1 Kg7 28. h3 Bc8 29. g4 Qc7 30. f5 Bd7 31. Bg2 Be8 32. Rhd1 Nd7 33. Nd6 Ne5 34. Nxe8+ Rxe8 35. Ng6 Nxg6 36. fxg6 Kxg6 37. Rd5 Qh2 38. Rc2 Qg1+ 39. Rc1 Qxg2 40. Rcd1 Re2 41. R5d2 Rxd2 42. Rxd2 Qxd2 43. a3 Kh6 44. Ka2 Qe2 45. Kb3 Kg5 46. Kb4 Qd3 47. Kc5 Qxh3 48. Kb6 Qf3 49. Ka7 Qf2+ 50. Kxb7 Qd4 51. Kxa6 Qxc4+ 52. Ka5 Kf4 53. b4 Qc2 54. b5 Kxg4 55. b6 Qd2+ 56. Ka6 Qd6 57. Ka7 Qxa3+ 58. Kb7 Kf4 59. Kc7 Qc5+ 60. Kb7 Qxb6+ 61. Kxb6 f5 62. Kc5 Ke5 63. Kc4 Ke4 64. Kc3 Kf4 65. Kd2 Kg3 66. Ke1 Kg2 67. Ke2 Kg3 68. Ke3 Kg4 69. Kf2 Kf4 70. Kg2 Ke3 71. Kf1 Kf3 72. Kg1 Ke2 73. Kg2 f4 74. Kg1 f3 75. Kh2 f2 76. Kg3 Kf1 77. Kf3 Ke1 78. Kg2 Ke2 79. Kg3 Ke1 80. Kg2 f1=Q+ 81. Kg3 Kd1 82. Kg4 Qd3 83. Kf4 Qf1+ 84.",0-1,lichess_200k_bins_16layers_ckpt_with_optimizer.pt,Stockfish 1,,2,0,1,0,0,84,84,False,False,True,False,lichess_200k_bins_16layers_ckpt_with_optimizer.pt vs. Stockfish 1,84,568.710289478302,84,0,,,
1765885687-6701,"[White ""Magnus Carlsen""]
[Black ""Stockfish""]

1. e4 d5 2. exd5 Qxd5 3. Nc3 Qd8 4. Nf3 e6 5. Bc4 c5 6. d3 Be7 7. Bf4 Bd7 8. O-O Nc6 9. Re1 Nf6 10. Ne5 O-O 11. Nxd7 Qxd7 12. Ne4 Nxe4 13. Rxe4 Na5 14. Bb3 Rfd8 15. Qe2 Rac8 16. Re1 Bf6 17. Be5 Qe7 18. Bxf6 gxf6 19. Qg4+ Kh8 20. R4e3 f5 21. Qh5 Rg8 22. Rh3 Rg7 23. Ree3 Qf6 24. Reg3 Rcg8 25. Rxg7 Rxg7 26. Rg3 Nxb3 27. Rxg7 Qxg7 28. axb3 Qe5 29. h3 Qf6 30. Qf3 Kg7 31. Qxb7 Qh6 32. Qxa7 Qc1+ 33. Kh2 Qf4+ 34. Kg1 Qc1+ 35. Kh2 Qf4+ 36. Kg1 Qc1+ 37. Kh2 Qf4+ 38. Kg1 Qc1+ 39. Kh2 Kg6 40. Qxc5 Qxb2 41. Qe3 e5 42. Qg3+ Kh5 43. Qf3+ Kg5 44. Qg3+ Kh6 45. Qh4+ Kg6 46. Qg3+ Kh6 47. Qh4+ Kg6 48. Qg3+ Kf6 49. Qh4+ Kg6 50. Qg3+ Kh6 51. Qh4+ Kg7 52. Qg3+ Kf6 53. Qh4+ Kg6 54. Qg3+",1/2-1/2,lichess_200k_bins_16layers_ckpt_with_optimizer.pt,Stockfish 1,,2,-10000000000,-10000000000,0,0,54,54,False,False,False,False,lichess_200k_bins_16layers_ckpt_with_optimizer.pt vs. Stockfish 1,54,270.965137004852,54,0,,,
1765885837-3499,"[White ""Magnus Carlsen""]
[Black ""Stockfish""]

1. e4 e6 2. d4 a6 3. Nf3 d5 4. e5 c5 5. c3 cxd4 6. cxd4 Bd7 7. Nc3 Bb4 8. Bd2 Bxc3 9. Bxc3 Ne7 10. Bd3 Nf5 11. O-O Nc6 12. Bxf5 exf5 13. Re1 Qe7 14. a3 Be6 15. b4 Rc8 16. Rc1 O-O 17. Bd2 Qd8 18. Bg5 Qb6 19. Be3 Na7 20. Rxc8 Rxc8 21. Qd2 Qc7 22. Rc1 Qd8 23. Rxc8 Qxc8 24. Qc1 Qc4 25. Qxc4 Nb5 26. Qc5 a5 27. Qxb5 g6 28. Qxb7 a4 29. Qb8+ Bc8 30. Qxc8+ Kg7 31. Qc6 f4 32. Qxd5 fxe3 33. fxe3 h6 34. Qd6 g5 35. Qf6+ Kh7 36. Qxf7+ Kh8 37. e6 h5 38. e7 h4 39. e8=Q#",1-0,lichess_200k_bins_16layers_ckpt_with_optimizer.pt,Stockfish 1,,2,1,0,0,0,39,39,False,False,False,False,lichess_200k_bins_16layers_ckpt_with_optimizer.pt vs. Stockfish 1,39,150.206170558929,39,0,,,
1765886252-7408,"[White ""Magnus Carlsen""]
[Black ""Stockfish""]

1. e4 d5 2. exd5 e6 3. dxe6 Bxe6 4. Nf3 Qd7 5. Nc3 c5 6. Bb5 Nc6 7. Ne5 Qc7 8. Nxc6 bxc6 9. Be2 Ne7 10. O-O O-O-O 11. d3 c4 12. Be3 Nf5 13. Qc1 Nxe3 14. Qxe3 Bd6 15. h3 Bh2+ 16. Kh1 g6 17. dxc4 Be5 18. Rad1 Rxd1 19. Rxd1 Rd8 20. Rxd8+ Kxd8 21. Qd3+ Ke7 22. Ne4 Bxb2 23. c3 f6 24. Qf3 Qe5 25. Bd3 Bf5 26. Ng3 Be6 27. Qxc6 Bd7 28. Qe4 Bxc3 29. Qxe5+ Bxe5 30. Ne4 Bc7 31. Nc5 Be8 32. Na6 Bf4 33. Nc5 f5 34. Nb3 Ke6 35. Nd4+ Ke5 36. Nf3+ Kf6 37. g3 Bc7 38. Kg2 Bb6 39. Nd2 Bc6+ 40. f3 Ke5 41. Nb3 Bd8 42. Kf2 f4 43. g4 Be7 44. Ke2 Bd8 45. Nd2 Be8 46. Ne4 Bd7 47. Nc5 Bc8 48. Nb3 Ba6 49. Nd2 Be7 50. Ne4 g5 51. Nd2 h6 52. Nb3 Bb7 53. Na5 Ba8 54. Nb3 Bc6 55. Nd2 Be8 56. Ne4 Ba4 57. Nc3 Kd4 58. Nxa4 Bb4 59. Nb2 h5 60. Nd1 h4 61. Nf2 Ba3 62. Ne4 Bb2 63. Nxg5 Kc5 64. Ne6+ Kd6 65. Nxf4 Be5 66. Ng6 Bf6 67. Nf4 Bg5 68.",0-1,lichess_200k_bins_16layers_ckpt_with_optimizer.pt,Stockfish 1,,2,0,1,1,0,67,68,False,False,True,False,lichess_200k_bins_16layers_ckpt_with_optimizer.pt vs. Stockfish 1,68,414.729590177536,68,0,,,
1765886350-1834,"[White ""Magnus Carlsen""]
[Black ""Stockfish""]

1. e4 e5 2. Nf3 Nf6 3. Nc3 Nc6 4. Bc4 Bc5 5. d3 d6 6. Bg5 Ne7 7. Bxf6 gxf6 8. Nd5 f5 9. Nf6+ Kf8 10. Ng5 d5 11. exd5 Kg7 12. Nh5+ Kg6 13. h4 b5 14. Bb3 a5 15. a4 Nxd5 16. Qf3 Bb7 17. Qg3 Qe7 18. Ne4+ Kxh5 19. Qg5+ Qxg5 20. hxg5+ Kg4 21. f3+ Kf4 22. g3+ Ke3 23. Nxc5 Kxf3 24. Nxb7 Nb6 25.",0-1,lichess_200k_bins_16layers_ckpt_with_optimizer.pt,Stockfish 1,,2,0,1,0,0,25,25,False,False,True,False,lichess_200k_bins_16layers_ckpt_with_optimizer.pt vs. Stockfish 1,25,98.2642412185669,25,0,,,
1765886566-7793,"[White ""Magnus Carlsen""]
[Black ""Stockfish""]

1. e4 Nc6 2. Nf3 Nf6 3. Nc3 e6 4. d4 d6 5. Bb5 Bd7 6. O-O a6 7. Ba4 e5 8. dxe5 dxe5 9. Bxc6 bxc6 10. Nxe5 a5 11. Bg5 Be7 12. Bxf6 gxf6 13. Nxd7 Qxd7 14. Qxd7+ Kxd7 15. Rad1+ Bd6 16. Rfe1 Rab8 17. b3 Rhe8 18. f3 Re5 19. Ne2 f5 20. Ng3 f4 21. Nf5 a4 22. Nxd6 Ke6 23. Nc4 Rg5 24. Rd3 a3 25. Red1 Rg6 26. Rd8 Rb4 27. Re8+ Kf6 28. Rc8 Rb7 29. Rd7 Rh6 30. Rcxc7 Rxc7 31. Rxc7 Rh5 32. Rxc6+ Kg5 33. Nxa3 f6 34. Rc5+ Kh4 35. Rxh5+ Kxh5 36. b4 Kh6 37. b5 Kg5 38. b6 h5 39. b7 Kh4 40. b8=Q Kg5 41. Qg8+ Kh4 42. Qg6 f5 43. Qxf5",1/2-1/2,lichess_200k_bins_16layers_ckpt_with_optimizer.pt,Stockfish 1,,2,-10000000000,-10000000000,0,0,43,43,False,False,False,False,lichess_200k_bins_16layers_ckpt_with_optimizer.pt vs. Stockfish 1,43,216.614024400711,43,0,,,
1765886708-6332,"[White ""Magnus Carlsen""]
[Black ""Stockfish""]

1. e4 d5 2. exd5 Nf6 3. Nc3 c6 4. dxc6 e5 5. cxb7 Bxb7 6. Bb5+ Nbd7 7. Nf3 a6 8. Ba4 Bc5 9. O-O Bd6 10. d4 Bxf3 11. Qxf3 Rb8 12. dxe5 Bxe5 13. Re1 O-O 14. Bg5 h6 15. Bh4 Qc7 16. Bg3 Rb4 17. Bxd7 Bxg3 18. hxg3 Rxb2 19. Ba4 Qc5 20. Bb3 Qc7 21. Nd5 Nxd5 22. Qxd5 a5 23. Re2 a4 24. Bxa4 Qa7 25. Bb3 Qb6 26. Rae1 Kh7 27. Qf5+ Qg6 28. Qxg6+ fxg6 29. Re7 Rd8 30. Rc7 Rd6 31. Ree7 Rb1+ 32. Kh2 g5 33. Rxg7+ Kh8 34. Rg8#",1-0,lichess_200k_bins_16layers_ckpt_with_optimizer.pt,Stockfish 1,,2,1,0,0,0,34,34,False,False,False,False,lichess_200k_bins_16layers_ckpt_with_optimizer.pt vs. Stockfish 1,34,141.85262465477,34,0,,,
1765886797-9642,"[White ""Magnus Carlsen""]
[Black ""Stockfish""]

1. e4 c5 2. Nf3 Nc6 3. d4 Nxd4 4. Nxd4 cxd4 5. Qxd4 e6 6. Nc3 Qa5 7. Bd2 a6 8. Nd5 Qxd2+ 9. Qxd2 Kd8 10. Nb6 h5 11. Nxa8 Be7 12. Nb6 h4 13. Nxc8 Kxc8 14. O-O-O Nf6 15. e5 Kb8 16. exf6 gxf6 17. Qxd7 Bc5 18. Qxf7 Ba3 19. bxa3 f5 20. Qxe6 Kc7 21. Qxf5 Rb8 22. Qe5+ Kc6 23. Qxb8 b5 24. Qd6+ Kb7 25. Qd7+ Kb6 26. Rd6+ Kc5 27. Qc6+",1-0,lichess_200k_bins_16layers_ckpt_with_optimizer.pt,Stockfish 1,,2,1,0,0,0,27,27,False,False,False,False,lichess_200k_bins_16layers_ckpt_with_optimizer.pt vs. Stockfish 1,27,88.5560231208801,27,0,,,
1765887060-1528,"[White ""Magnus Carlsen""]
[Black ""Stockfish""]

1. e4 e5 2. Nf3 Nc6 3. Bc4 Be7 4. d4 d6 5. dxe5 Bg4 6. exd6 Qxd6 7. Qxd6 Bxd6 8. Ng5 Bh5 9. O-O Nf6 10. Nc3 O-O 11. Nd5 Nd4 12. Nxf6+ gxf6 13. Nh3 Be2 14. Bxe2 f5 15. Bd3 Rfd8 16. exf5 Rd7 17. Be3 Nc6 18. Bb5 Be5 19. Bxc6 bxc6 20. c3 a5 21. Rad1 Rxd1 22. Rxd1 Rb8 23. Rd2 a4 24. a3 Bd6 25. g3 Rb7 26. Kg2 Rb3 27. Nf4 h5 28. Nxh5 Be5 29. Nf4 f6 30. Nd3 Kh7 31. Nxe5 Kg7 32. Nxc6 Kh7 33. Nd4 Kg7 34. Nxb3 Kf8 35. Nc5 Kg7 36. Nxa4 Kh7 37. Nc5 Kg7 38. Ne6+ Kh8 39. Nxc7 Kg7 40. Nd5 Kg8 41. Nxf6+ Kf7 42. Ne4 Ke8 43. a4 Kf7 44. a5 Ke8 45. a6 Kf8 46. a7 Ke8 47. a8=Q+ Kf7 48. Qa6 Kg7 49. Rd7+ Kh8 50. Qa8#",1-0,lichess_200k_bins_16layers_ckpt_with_optimizer.pt,Stockfish 1,,2,1,0,0,0,50,50,False,False,False,False,lichess_200k_bins_16layers_ckpt_with_optimizer.pt vs. Stockfish 1,50,263.293293476105,50,0,,,
1765887156-2980,"[White ""Magnus Carlsen""]
[Black ""Stockfish""]

1. e4 c5 2. Nf3 Nc6 3. d4 e6 4. d5 Nb8 5. c4 d6 6. Nc3 e5 7. Bd3 g6 8. O-O Bg7 9. h3 Nh6 10. Nh2 O-O 11. f4 exf4 12. Bxf4 f6 13. Qd2 b5 14. Bxh6 Bxh6 15. Qxh6 b4 16. Ne2 b3 17. axb3 Nd7 18. Ng4 a5 19. Nf4 Ne5 20. Nxe5 fxe5 21. Ne6 Bxe6 22. dxe6 Rxf1+ 23. Rxf1 a4 24. Rf7 Qh4 25. Qxh4 h5 26. Qf6 g5 27. Qg6+ Kh8 28. Qh7+",1-0,lichess_200k_bins_16layers_ckpt_with_optimizer.pt,Stockfish 1,,2,1,0,0,0,28,28,False,False,False,False,lichess_200k_bins_16layers_ckpt_with_optimizer.pt vs. Stockfish 1,28,95.9452977180481,28,0,,,
