game_id,transcript,result,player_one,player_two,player_one_time,player_two_time,player_one_score,player_two_score,player_one_illegal_moves,player_two_illegal_moves,player_one_legal_moves,player_two_legal_moves,player_one_resignation,player_two_resignation,player_one_failed_to_find_legal_move,player_two_failed_to_find_legal_move,game_title,number_of_moves,time_taken,total_moves,illegal_moves
1762752074-1020,"[White ""Magnus Carlsen""]
[Black ""Stockfish""]

1. e4 e6 2. d4 c5 3. d5 Nf6 4. Nc3 a6 5. a4 Qc7 6. Nf3 d6 7. Be2 h6 8. O-O exd5 9. exd5 Bf5 10. Re1 Bg6 11. Bb5+ Kd8 12. Bd3 Bh5 13. Be2 g5 14. Nd2 Bxe2 15. Qxe2 Nbd7 16. Nc4 Ne5 17. Nxe5 dxe5 18. Qxe5 Bg7 19. Qxc7+ Kxc7 20. Be3 Kd6 21. Rad1 Rhe8 22. f3 Rab8 23. Bf2 Rxe1+ 24. Bxe1 Re8 25. Bg3+ Kd7 26. Kf2 Ng8 27. Re1 Ne7 28. d6 Nc6 29. Rxe8 f5 30. Rg8 Bxc3 31. bxc3 c4 32. Rg7+ Kd8 33. Rxb7 Na5 34. Ra7 f4 35. Rxa6 fxg3+ 36. hxg3 Nb7 37. Ra7 Kc8 38. Rxb7 h5 39. Rc7+ Kb8 40. Rxc4 g4 41. Rc5 gxf3 42. gxf3 h4 43. gxh4 Ka8 44. Rc7 Kb8 45. h5 Ka8 46. h6 Kb8 47. h7 Ka8 48. h8=Q#",1-0,lichess_200k_bins_16layers_ckpt_with_optimizer.pt,Stockfish 0,,0.1,1,0,0,0,48,48,False,False,False,False,lichess_200k_bins_16layers_ckpt_with_optimizer.pt vs. Stockfish 0,48,36.293463945388794,48,0
1762752110-6497,"[White ""Magnus Carlsen""]
[Black ""Stockfish""]

1. e4 e6 2. d4 d5 3. e5 c5 4. c3 Bd7 5. Nf3 Nc6 6. Be2 Nge7 7. O-O Ng6 8. Be3 Qc7 9. Nbd2 cxd4 10. cxd4 a5 11. Rc1 Qb6 12. Nb3 Rc8 13. Nc5 h6 14. b3 Qa7 15. Bb5 Be7 16. Qd2 Qb6 17. Bxc6 bxc6 18. Nxd7 Kxd7 19. Rc2 Qb4 20. Qd3 Ke8 21. Rfc1 a4 22. Rxc6 Rxc6 23. Rxc6 Qa5 24. Bd2 Qa8 25. Qb5 Bh4 26. Rc8+ Ke7 27. Rxa8 Bxf2+ 28. Kxf2 Nxe5 29. Rxh8 Nxf3 30. gxf3 g5 31. Rxh6 axb3 32. Qxb3 Kf8 33. Qb7 Kg7 34. Rh5 Kf6 35. Rxg5 e5 36. Qc6+ Ke7 37. Rxe5+ Kd8 38. Rxd5+ Ke7 39. Rd7+ Kf8 40. Qc8+ Kg7 41. Qc7 Kh7 42. Rxf7+ Kg8 43. Rg7+ Kh8 44. Rh7+ Kg8 45. Qg7#",1-0,lichess_200k_bins_16layers_ckpt_with_optimizer.pt,Stockfish 0,,0.1,1,0,0,0,45,45,False,False,False,False,lichess_200k_bins_16layers_ckpt_with_optimizer.pt vs. Stockfish 0,45,36.85043239593506,45,0
1762752125-1947,"[White ""Magnus Carlsen""]
[Black ""Stockfish""]

1. e4 e6 2. d4 a6 3. Nf3 Nf6 4. Nc3 c5 5. d5 b5 6. dxe6 fxe6 7. e5 b4 8. exf6 gxf6 9. Ne4 Bb7 10. Bd3 d5 11. Ng3 c4 12. Be2 Nc6 13. O-O Qc7 14. Nd4 Qd7 15. Bh5+ Ke7 16. Re1 Kd8 17. Nxe6+ Qxe6 18. Rxe6 Ne5 19. Rxf6 Nd3 20. cxd3 cxd3 21. Qxd3 d4 22. Qxd4+ Kc8 23. Rxf8+ Rxf8 24.",0-1,lichess_200k_bins_16layers_ckpt_with_optimizer.pt,Stockfish 0,,0.1,0,1,5,0,23,24,False,False,True,False,lichess_200k_bins_16layers_ckpt_with_optimizer.pt vs. Stockfish 0,24,14.283370971679688,24,0
1762752250-3752,"[White ""Magnus Carlsen""]
[Black ""Stockfish""]

1. e4 c5 2. Nf3 e6 3. d4 d5 4. exd5 cxd4 5. Qxd4 Ne7 6. dxe6 Bxe6 7. Qxd8+ Kxd8 8. Bb5 Nec6 9. Bxc6 Nxc6 10. O-O Be7 11. Rd1+ Ke8 12. Bg5 Rc8 13. Bxe7 Kxe7 14. Nc3 Rhe8 15. Re1 Red8 16. Rad1 Kf8 17. Rxd8+ Rxd8 18. Rd1 Re8 19. Re1 Bf5 20. Rxe8+ Kxe8 21. Ne1 Nb4 22. a3 Nxc2 23. Nxc2 Bxc2 24. Nd5 Be4 25. Nc7+ Kf8 26. Nb5 Bc6 27. Nxa7 Bd7 28. b4 Ke8 29. b5 Kd8 30. b6 Ke7 31. a4 h6 32. a5 Kd6 33. a6 bxa6 34. b7 Kc7 35. b8=Q+ Kxb8 36. Nc6+ Bxc6 37. f3 Kc8 38. Kf2 a5 39. Ke3 a4 40. Kd2 a3 41. Kc2 f6 42. Kb3 Kd7 43. Kxa3 Kd6 44. Kb3 Ke5 45. Kc3 Kd5 46. Kd3 Kc5 47. Ke3 Bb5 48. Kf4 Kd6 49. Kf5 Bd3+ 50. Kf4 Ke6 51. Ke3 Bb1 52. Kf4 Bh7 53. Ke3 Bg6 54. Kf4 h5 55. Ke3 Bf5 56. Kf4 Bh7 57. Ke3 Bc2 58. Kf4 Bb1 59. Ke3 Kf5 60. Kf2 Kg6 61. Ke3 h4 62. Kf4 Bf5 63. g3 Be6 64. gxh4 Bh3 65. Ke3 Bc8 66. Kf4 Kh5 67. Kg3 Be6 68. Kf4 Kxh4 69. Ke3 Bd7 70. Kf4 g5+ 71. Ke3 Bc8 72. Kf2 Kh3 73. Kg1 f5 74. Kh1 Ba6 75. Kg1 Bc8 76. Kh1 f4 77. Kg1 Bb7 78. Kh1 g4 79. Kg1 g3 80. hxg3 Kxg3 81. Kf1 Ba8 82. Ke2 Kh4 83. Kd3 Kg5 84. Kd4 Kh4 85. Ke5 Kg3 86. Kd4 Kh3 87. Ke5 Kg3 88. Kd4 Kxf3 89. Ke5 Kg4 90. Kd4 Kf3",*,lichess_200k_bins_16layers_ckpt_with_optimizer.pt,Stockfish 0,,0.1,0.5,0.5,0,0,90,90,False,False,False,False,lichess_200k_bins_16layers_ckpt_with_optimizer.pt vs. Stockfish 0,91,124.92102813720703,90,0
1762752281-2796,"[White ""Magnus Carlsen""]
[Black ""Stockfish""]

1. e4 e5 2. Nf3 Nc6 3. Bc4 Nf6 4. Ng5 d5 5. exd5 Nxd5 6. Nxf7 Qf6 7. Nxh8 Be6 8. O-O O-O-O 9. d3 e4 10. dxe4 Nc3 11. Qf3 Bxc4 12. Qxf6 Ne2+ 13. Kh1 gxf6 14. Re1 Bc5 15. Be3 Bxe3 16. fxe3 Ba6 17. Nf7 Nb4 18. Na3 Rd2 19. c3 Nxa2 20. Rxa2 Bd3 21. Raa1 Rxb2 22. Rad1 h6 23. Rxd3 f5 24. exf5 b6 25. f6 b5 26. Nxh6 Kb8 27. f7 Ng3+ 28. hxg3 Rd2 29. Rxd2 a5 30. f8=Q+ Ka7 31. Rd7 Kb7 32. Qc8+ Kxc8 33. Red1 b4 34. Rd8+ Kb7 35. Nb5 Kc6 36. Nd4+ Kb6 37. Nf7 Kb7 38. Ne5 a4 39. Ndc6 a3 40. Rb8+ Ka6 41. Ra1 bxc3 42. Rxa3#",1-0,lichess_200k_bins_16layers_ckpt_with_optimizer.pt,Stockfish 0,,0.1,1,0,0,0,42,42,False,False,False,False,lichess_200k_bins_16layers_ckpt_with_optimizer.pt vs. Stockfish 0,42,31.65701389312744,42,0
1762752352-1791,"[White ""Magnus Carlsen""]
[Black ""Stockfish""]

1. e4 d6 2. d4 Nf6 3. Nc3 Nc6 4. Nf3 g6 5. Be3 Bd7 6. Bd3 Ng4 7. Qd2 Nxe3 8. Qxe3 Nb4 9. O-O e6 10. a3 Nxd3 11. Qxd3 Bg7 12. Rfe1 b6 13. Rad1 Rc8 14. e5 O-O 15. exd6 Bc6 16. dxc7 Qxc7 17. Ne5 h6 18. Nxc6 Qxc6 19. d5 Qd7 20. dxe6 Qxd3 21. Rxd3 Bxc3 22. bxc3 fxe6 23. Rxe6 Kg7 24. Rd7+ Rf7 25. Rxf7+ Kxf7 26. Re3 g5 27. g3 h5 28. Kg2 Kf6 29. Kf3 Rc4 30. Ke2 h4 31. Kd3 Ra4 32. c4 Kf5 33. Kd4 Kg4 34. Re4+ Kh3 35. gxh4 gxh4 36. f4 b5 37. Kc5 Rxa3 38. Kxb5 Kxh2 39. f5 h3 40. f6 Rf3 41. Re6 Rf5+ 42. c5 Kg1 43. Kc6 Kf1 44. Kd6 a5 45. c6 h2 46. Re1+ Kg2 47. c7 h1=Q 48. Rxh1 Rxf6+ 49. Kd7 Kxh1 50. c8=Q Rf2 51. Qh8+ Kg2 52. Qg7+ Kh3 53. Qh6+ Kg4 54. Qg6+ Kf4 55. Qf6+ Kg4 56. Qxf2 Kg5 57. Qa7 Kg6 58. Qxa5 Kg7 59. c4 Kh6 60. c5 Kh5 61. c6+ Kg6 62. c7 Kf7 63. c8=Q Kg7 64. Qc6 Kh7 65. Qa7 Kh8 66. Kd6 Kg8 67. Qc8#",1-0,lichess_200k_bins_16layers_ckpt_with_optimizer.pt,Stockfish 0,,0.1,1,0,0,0,67,67,False,False,False,False,lichess_200k_bins_16layers_ckpt_with_optimizer.pt vs. Stockfish 0,67,71.07107830047607,67,0
1762752392-2723,"[White ""Magnus Carlsen""]
[Black ""Stockfish""]

1. e4 e5 2. Nf3 Nc6 3. Bc4 a5 4. d3 d6 5. Ng5 f6 6. Nf7 Qe7 7. Nxh8 Ra6 8. Bxa6 bxa6 9. Nc3 f5 10. Nd5 Qd7 11. exf5 Qxf5 12. Nxc7+ Ke7 13. Nd5+ Kd8 14. Nb6 d5 15. Nxd5 Nf6 16. Nf7+ Ke8 17. Nd6+ Bxd6 18. Nxf6+ Kd8 19. Nd5 Nb4 20. Nxb4 axb4 21. O-O e4 22. dxe4 Qg4 23. Qxd6+ Qd7 24. Qxd7+ Kxd7 25. Rd1+ Kc7 26. Bf4+ Kb7 27. Rd8 Bh3 28. gxh3 a5 29. Rad1 Ka7 30. R1d6 h5 31. R8d7+ Ka8 32. Rd8+ Kb7 33. R6d7+ Kc6 34. Rd6+ Kc5 35. Rd5+ Kb6 36. R8d6+ Kc7 37. Rd7+ Kc6 38. R7d6+ Kb7 39. Rd7+ Kc6 40. R7d6+ Kb7 41. Rd7+ Kc6 42. R7d6+ Kb7 43. Rd7+ Kc6 44. R7d6+ Kb7 45. Rd7+ Kc6",1/2-1/2,lichess_200k_bins_16layers_ckpt_with_optimizer.pt,Stockfish 0,,0.1,1/2,1/2,0,0,45,45,False,False,False,False,lichess_200k_bins_16layers_ckpt_with_optimizer.pt vs. Stockfish 0,46,39.40308332443237,45,0
1762752431-7059,"[White ""Magnus Carlsen""]
[Black ""Stockfish""]

1. e4 e5 2. Nf3 Nf6 3. Nc3 Nc6 4. Bc4 d6 5. d3 Be7 6. Bg5 Na5 7. Bb3 c6 8. O-O Nxb3 9. axb3 Bg4 10. h3 Bxf3 11. Qxf3 O-O 12. Qg3 Nh5 13. Bxe7 Qxe7 14. Qg4 Nf4 15. g3 h5 16. Qf3 Nxh3+ 17. Kg2 Qe6 18. Qxh5 Nf4+ 19. gxf4 f5 20. Rh1 exf4 21. Qh7+ Kf7 22. Qxf5+ Qxf5 23. exf5 d5 24. Rh4 Kf6 25. Rxf4 Ke5 26. Rf3 Rh8 27. Re1+ Kf6 28. Re6+ Kg5 29. Rg3+ Kxf5 30. Reg6 Rag8 31. Rxg7 Rxg7 32. Rxg7 Ke5 33. Rxb7 a5 34. Ra7 Rh4 35. Rxa5 Rf4 36. Ne2 Rh4 37. c4 Rg4+ 38. Kf3 Rh4 39. cxd5 Rb4 40. dxc6+ Kd6 41. Ra6 Kc7 42. Nd4 Kd6 43. Ke4 Ke7 44. Kd5 Kd8 45. Ra7 Rb6 46. c7+ Kc8 47. Kc5 Rh6 48. Nb5 Rc6+ 49. Kxc6",1/2-1/2,lichess_200k_bins_16layers_ckpt_with_optimizer.pt,Stockfish 0,,0.1,1/2,1/2,0,0,49,49,False,False,False,False,lichess_200k_bins_16layers_ckpt_with_optimizer.pt vs. Stockfish 0,49,39.31610679626465,49,0
1762752488-5617,"[White ""Magnus Carlsen""]
[Black ""Stockfish""]

1. e4 Nc6 2. Nf3 Nf6 3. Nc3 e5 4. Bc4 Bb4 5. d3 h6 6. O-O d6 7. h3 Ne7 8. Ne2 O-O 9. c3 b5 10. Bb3 Bc5 11. d4 Bb6 12. dxe5 Nxe4 13. exd6 Nxd6 14. Ned4 c5 15. Ne2 Bb7 16. Ng3 Bc7 17. Bf4 Rc8 18. Bxd6 Qxd6 19. Qxd6 Bxd6 20. Rad1 Rfd8 21. Rfe1 Kf8 22. Ne5 Bc6 23. Nxc6 Nxc6 24. Ne4 Bc7 25. Nxc5 Rxd1 26. Rxd1 Rd8 27. Rxd8+ Ke7 28. Rd7+ Kf6 29. Rxc7 Ne7 30. Rxe7 Kxe7 31. Ne4 f5 32. Ng3 Kf8 33. Nxf5 a6 34. Nd6 h5 35. Nb7 g6 36. Nc5 h4 37. Nxa6 Kg7 38. Nc7 b4 39. Nd5 bxc3 40. bxc3 Kf7 41. c4 Kg8 42. c5 Kg7 43. c6 Kh7 44. c7 g5 45. c8=Q g4 46. Qxg4 Kh8 47. Qxh4+ Kg7 48. Qg4+ Kf7 49. Nf4+ Kf8 50. Qg6 Ke7 51. Qf7+ Kd6 52. Qe6+ Kc7 53. Qd5 Kb6 54. Ne6 Ka7 55. Qc5+ Ka8 56. Qc6+ Ka7 57. Qc7+ Ka8 58. Bd5#",1-0,lichess_200k_bins_16layers_ckpt_with_optimizer.pt,Stockfish 0,,0.1,1,0,0,0,58,58,False,False,False,False,lichess_200k_bins_16layers_ckpt_with_optimizer.pt vs. Stockfish 0,58,56.87943696975708,58,0
1762752522-5909,"[White ""Magnus Carlsen""]
[Black ""Stockfish""]

1. e4 e5 2. Nf3 Nf6 3. Nc3 d6 4. Bc4 c5 5. d3 Be7 6. Bg5 a6 7. a4 h6 8. Bh4 g5 9. Bg3 Be6 10. Bxe6 fxe6 11. h3 Qc7 12. O-O Nc6 13. Nh2 O-O-O 14. Ng4 Rdg8 15. Nxf6 Bxf6 16. Qg4 Qf7 17. Nd5 h5 18. Qf3 exd5 19. exd5 Nd8 20. Qf5+ Kb8 21. c4 g4 22. h4 Rf8 23. Qe4 Qd7 24. Rab1 Nf7 25. b4 Rhg8 26. bxc5 dxc5 27. Rb6 Nd6 28. Qe3 Nf5 29. Qxc5 Be7 30. Qa5 Nxg3 31. fxg3 Rxf1+ 32. Kxf1 Qc7 33. d6 Bxd6 34. Qd5 Rf8+ 35. Kg1 Qxb6+ 36. Kh2 Qc7 37. Qe6 Rc8 38. Qf5 a5 39. Qxh5 Rg8 40. Qf5 Ka8 41. Qe4 Qc5 42. Qd5 Rc8 43. Qe6 e4 44. Qxg4 e3 45. Qe2 Kb8 46. Kh3 Qd4 47. g4 Qe5 48. g3 Qxg3#",0-1,lichess_200k_bins_16layers_ckpt_with_optimizer.pt,Stockfish 0,,0.1,0,1,0,0,48,48,False,False,False,False,lichess_200k_bins_16layers_ckpt_with_optimizer.pt vs. Stockfish 0,49,34.22664284706116,48,0
1762752557-1051,"[White ""Magnus Carlsen""]
[Black ""Stockfish""]

1. e4 e6 2. d4 d5 3. e5 a6 4. Nf3 c5 5. c3 cxd4 6. cxd4 Nc6 7. Be2 Qb6 8. O-O Bd7 9. Nc3 Rb8 10. a3 Na5 11. b4 Nc6 12. Be3 Qd8 13. Rc1 Be7 14. Na4 h6 15. Nc5 Na7 16. Nxd7 Kxd7 17. Qa4+ Nc6 18. b5 axb5 19. Bxb5 Qc8 20. Rc2 Ke8 21. Rfc1 Ra8 22. Qb3 Bd8 23. Bxc6+ bxc6 24. Rxc6 Qd7 25. Qb5 Rxa3 26. Rc8 Qxb5 27. Rxd8+ Kxd8 28. Rc8+ Kxc8 29. h3 Ra1+ 30. Kh2 Ra8 31. Nh4 Ra7 32. Nf3 Qa5 33. Nd2 Qb5 34. Nb3 h5 35. Nc5 Ne7 36. Nxe6 Qa6 37. Nxg7 Ra8 38. Nxh5 Kb8 39. Nf6 Rd8 40. Nxd5 Nxd5 41. Bf4 Kc8 42. Bg5 Rh8 43. Bf6 Nxf6 44. exf6 Qxf6 45. d5 Qf4+ 46. g3 Qxf2+ 47. Kh1 Rxh3#",0-1,lichess_200k_bins_16layers_ckpt_with_optimizer.pt,Stockfish 0,,0.1,0,1,0,0,47,47,False,False,False,False,lichess_200k_bins_16layers_ckpt_with_optimizer.pt vs. Stockfish 0,48,34.26954483985901,47,0
1762752571-2788,"[White ""Magnus Carlsen""]
[Black ""Stockfish""]

1. e4 e5 2. Nf3 Qe7 3. Bc4 c6 4. O-O d6 5. d4 Nd7 6. Nc3 h6 7. a4 a5 8. Re1 Qd8 9. h3 Ngf6 10. Be3 Nb6 11. Bb3 Nbd7 12. Qd2 Be7 13. Rad1 Nh5 14. dxe5 dxe5 15. Ne2 Qc7 16. Ng3 Nxg3 17. fxg3 Nc5 18. Bxc5 f6 19. Bxe7 g5 20. Bxf6 g4 21. Bxh8 Qb6+ 22. Qe3 gxh3 23. Qxb6 Bd7 24. Qxb7 h2+ 25. Kxh2 Bc8 26. Qxa8 Ke7 27. Qxc8 h5 28. Qe6+ Kf8 29. Rd8+",1-0,lichess_200k_bins_16layers_ckpt_with_optimizer.pt,Stockfish 0,,0.1,1,0,0,0,29,29,False,False,False,False,lichess_200k_bins_16layers_ckpt_with_optimizer.pt vs. Stockfish 0,29,14.367072820663452,29,0
1762752597-5924,"[White ""Magnus Carlsen""]
[Black ""Stockfish""]

1. e4 e6 2. d4 a6 3. Nf3 Be7 4. Bd3 c5 5. c3 Nf6 6. O-O d6 7. Bg5 Nc6 8. Nbd2 h6 9. Bh4 cxd4 10. cxd4 O-O 11. Rc1 Bd7 12. Bb1 Re8 13. Qc2 Rc8 14. Qd3 Nb4 15. Qe2 Bc6 16. a3 Bb5 17. Qe3 Bxf1 18. Rxf1 Ng4 19. Bxe7 Qxe7 20. Qf4 Nc6 21. Qxg4 Red8 22. d5 Ne5 23. Nxe5 dxe5 24. Nf3 Qc5 25. Nxe5 Rc7 26. dxe6 f6 27. Ng6 Qc1 28. e7 Qxf1+ 29. Kxf1 Rcc8 30. exd8=Q+ Rxd8 31. Ne7+ Kf7 32. Nd5 Kf8 33. Qe6 Re8 34. Qd6+ Kg8 35. Ne7+ Kh8 36. Ng6+ Kh7 37. e5 Rd8 38. Qxd8 fxe5 39. Qh8#",1-0,lichess_200k_bins_16layers_ckpt_with_optimizer.pt,Stockfish 0,,0.1,1,0,0,0,39,39,False,False,False,False,lichess_200k_bins_16layers_ckpt_with_optimizer.pt vs. Stockfish 0,39,26.523738622665405,39,0
1762752611-1054,"[White ""Magnus Carlsen""]
[Black ""Stockfish""]

1. e4 d6 2. d4 Nf6 3. Nc3 g6 4. Be3 c6 5. f3 Nbd7 6. Qd2 a5 7. O-O-O Bg7 8. g4 b5 9. h4 h5 10. g5 b4 11. Nce2 c5 12. gxf6 exf6 13. dxc5 dxc5 14. Bxc5 Bb7 15. Bh3 Nxc5 16. Qxd8+ Rxd8 17. Rxd8+ Kxd8 18. Nd4 Bh6+ 19. Kb1 f5 20. exf5 Kc7 21. Nge2 Be3 22. Rd1 Rd8 23. c3 Ba6 24. fxg6 bxc3 25. bxc3 fxg6 26. Kc2 Bc4 27. Ng3 Rb8 28. Rb1 Bd3+ 29. Kd1 Rxb1#",0-1,lichess_200k_bins_16layers_ckpt_with_optimizer.pt,Stockfish 0,,0.1,0,1,0,0,29,29,False,False,False,False,lichess_200k_bins_16layers_ckpt_with_optimizer.pt vs. Stockfish 0,30,13.963731288909912,29,0
1762752628-6429,"[White ""Magnus Carlsen""]
[Black ""Stockfish""]

1. e4 e5 2. Nf3 d6 3. Bc4 Nf6 4. Ng5 c6 5. Nxf7 Qe7 6. Nxh8 Bg4 7. f3 Bh5 8. g4 Nxg4 9. fxg4 Qf6 10. gxh5 d5 11. exd5 cxd5 12. Bxd5 Bc5 13. Rf1 Qh4+ 14. Ke2 e4 15. Bxb7 Qg4+ 16. Ke1 Qh4+ 17. Ke2 Qxh2+ 18. Ke1 Bg1 19. Bxa8 Qg3+ 20. Ke2 Qg4+ 21. Ke1 Qh4+ 22. Ke2 Qxh5+ 23. Ke1 Qh4+ 24. Ke2 Qh2+ 25. Ke1 Qg3+ 26. Ke2 Qh2+ 27. Ke1 Qh4+ 28. Ke2 Qh2+ 29. Ke1 Qh4+ 30. Ke2 Qh2+ 31. Ke1 Qh4+ 32. Ke2 Qh2+",1/2-1/2,lichess_200k_bins_16layers_ckpt_with_optimizer.pt,Stockfish 0,,0.1,1/2,1/2,0,0,32,32,False,False,False,False,lichess_200k_bins_16layers_ckpt_with_optimizer.pt vs. Stockfish 0,33,16.49647092819214,32,0
1762752653-5569,"[White ""Magnus Carlsen""]
[Black ""Stockfish""]

1. e4 c5 2. Nf3 a6 3. d4 e6 4. d5 d6 5. c4 exd5 6. exd5 Bg4 7. Be2 Bxf3 8. Bxf3 Nd7 9. O-O h6 10. Re1+ Ne5 11. Bf4 Nf6 12. Bxe5 dxe5 13. Rxe5+ Be7 14. Qe2 Nd7 15. Re3 Kf8 16. Nc3 Bd6 17. Re1 Qc7 18. g3 Rd8 19. Ne4 h5 20. Nxd6 Rh6 21. Nf5 Rg6 22. Bxh5 Rg5 23. Bg4 g6 24. Nh4 Nf6 25. Bh3 Kg7 26. Nf3 Nxd5 27. cxd5 Rgxd5 28. Re7 Qb6 29. Ng5 Kg8 30. Nxf7 Rd1 31. Nxd8 Qxd8 32. Re8+ Kf7 33. Rxd8 g5 34.",0-1,lichess_200k_bins_16layers_ckpt_with_optimizer.pt,Stockfish 0,,0.1,0,1,5,0,33,34,False,False,True,False,lichess_200k_bins_16layers_ckpt_with_optimizer.pt vs. Stockfish 0,34,24.757402181625366,34,0
1762752707-1645,"[White ""Magnus Carlsen""]
[Black ""Stockfish""]

1. e4 d5 2. exd5 c6 3. dxc6 bxc6 4. Nf3 e6 5. Bc4 Nd7 6. O-O Bb7 7. d4 Bd6 8. Nc3 Qc7 9. Ne4 c5 10. Nxd6+ Qxd6 11. dxc5 Qc6 12. Be3 Ne7 13. b4 Nf5 14. Bf4 g5 15. Bxg5 Rg8 16. Bf4 Qxf3 17. Qxf3 Bxf3 18. g3 Nh4 19. Rfe1 Bb7 20. Bb5 Nf3+ 21. Kf1 Nxh2+ 22. Ke2 Bf3+ 23. Kd2 Ng4 24. c6 Ndf6 25. c7+ Ke7 26. Bc6 Rgd8+ 27. Kc1 Bxc6 28. cxd8=Q+ Rxd8 29. Bg5 Nxf2 30. Bxf6+ Kxf6 31. Rf1 Ke7 32. Rxf2 Rd4 33. Kb2 a6 34. Raf1 Rxb4+ 35. Kc3 a5 36. Rxf7+ Ke8 37. Rxh7 Bd5 38. Rff7 Be4 39. Ra7 Bxh7 40. Rxh7 e5 41. Rh5 Rb5 42. Kc4 Rb6 43. Rxe5+ Kf7 44. Rxa5 Ke6 45. Rb5 Ra6 46. Rb2 Ke5 47. Kb5 Ra7 48. a4 Rb7+ 49. Ka6 Rxb2 50. a5 Rb4 51. Ka7 Rb2 52. a6 Rb1 53. Ka8 Kd6 54. a7 Rb2 55. g4 Kc6 56. g5 Kc7 57. g6 Rb4 58. g7 Rg4 59. g8=Q Rxg8#",0-1,lichess_200k_bins_16layers_ckpt_with_optimizer.pt,Stockfish 0,,0.1,0,1,0,0,59,59,False,False,False,False,lichess_200k_bins_16layers_ckpt_with_optimizer.pt vs. Stockfish 0,60,54.25621771812439,59,0
1762752725-1999,"[White ""Magnus Carlsen""]
[Black ""Stockfish""]

1. e4 e5 2. Nf3 d5 3. exd5 Bd6 4. Nc3 Nd7 5. d4 Ne7 6. dxe5 Bc5 7. Be3 Ng6 8. Bxc5 Nh4 9. Nxh4 Nxc5 10. Nf3 Qe7 11. Bb5+ Nd7 12. O-O c6 13. dxc6 bxc6 14. Bxc6 Ba6 15. Bxa8 Nc5 16. Bc6+ Nd7 17. Bxd7+ Qxd7 18. Qxd7+ Kf8 19. Qxa7 Be2 20. Qb8+ Ke7 21. Qxh8 Kd7 22. Qxg7 Bc4 23. Qxf7+ Kc6 24. Qxc4+ Kb7 25. Qf7+ Kb8 26. Qxh7 Ka8 27. Qg7 Kb8 28. Qf7 Ka8 29. Qe7 Kb8 30. Qd7 Ka8 31. Qc7",1/2-1/2,lichess_200k_bins_16layers_ckpt_with_optimizer.pt,Stockfish 0,,0.1,1/2,1/2,0,0,31,31,False,False,False,False,lichess_200k_bins_16layers_ckpt_with_optimizer.pt vs. Stockfish 0,31,17.6847562789917,31,0
1762752735-2484,"[White ""Magnus Carlsen""]
[Black ""Stockfish""]

1. e4 e5 2. Nf3 d6 3. Bc4 Nc6 4. d3 Bg4 5. h3 Bd7 6. Ng5 Nh6 7. Qf3 Qf6 8. Qxf6 gxf6 9. Nf3 Bg7 10. Bxh6 Bxh6 11. Nc3 f5 12. exf5 Bxf5 13. Nd5 Kd7 14. Nf6+ Ke7 15. Nd5+ Kd8 16. O-O Be6 17. Nf6 Ke7 18. Ng4 Bf4 19. Bxe6 fxe6 20. g3 h5 21. gxf4 Rhg8 22.",0-1,lichess_200k_bins_16layers_ckpt_with_optimizer.pt,Stockfish 0,,0.1,0,1,5,0,21,22,False,False,True,False,lichess_200k_bins_16layers_ckpt_with_optimizer.pt vs. Stockfish 0,22,10.722078084945679,22,0
1762752755-5222,"[White ""Magnus Carlsen""]
[Black ""Stockfish""]

1. e4 e5 2. Nf3 Nf6 3. Nc3 Nc6 4. Bc4 Bb4 5. d3 d6 6. h3 Na5 7. Bb3 h6 8. O-O Bd7 9. Ne2 Nxb3 10. axb3 a6 11. Ng3 Qe7 12. c3 Bc5 13. d4 Bb6 14. Re1 O-O-O 15. Be3 g5 16. dxe5 dxe5 17. Bxb6 Be6 18. Qc2 Rhg8 19. Nf5 Bxf5 20. exf5 cxb6 21. Rxe5 Qc7 22. Rae1 Kb8 23. Re7 g4 24. Rxc7 gxh3 25. g3 Rge8 26. Rxe8 Nxe8 27. Rxf7 Rd3 28. Qxd3 Nf6 29. Qd8+ Ka7 30. Qc7 Nd7 31. Qxd7 h2+ 32. Kxh2 Ka8 33. Qxb7#",1-0,lichess_200k_bins_16layers_ckpt_with_optimizer.pt,Stockfish 0,,0.1,1,0,0,0,33,33,False,False,False,False,lichess_200k_bins_16layers_ckpt_with_optimizer.pt vs. Stockfish 0,33,19.396497011184692,33,0
1762752780-7019,"[White ""Magnus Carlsen""]
[Black ""Stockfish""]

1. e4 e5 2. Nf3 Bd6 3. Bc4 c6 4. d3 Nf6 5. Ng5 Bb4+ 6. c3 Be7 7. Nxf7 Qc7 8. Nxh8 d5 9. exd5 Bc5 10. dxc6 Nxc6 11. Bf7+ Kd7 12. Bg5 Bxf2+ 13. Kxf2 Qd6 14. Bxf6 Kc7 15. Bxg7 Bf5 16. Na3 Rg8 17. Nb5+ Kc8 18. Nxd6+ Kb8 19. Nxf5 Rf8 20. Bxf8 Ne7 21. Nxe7 h5 22. Qxh5 Ka8 23. Qxe5 a6 24. Qc7 b6 25. Qxb6 a5 26. Qxa5+ Kb8 27. Nd5 Kb7 28. Qb6+ Kc8 29. Ne7+ Kd7 30. Qe6+ Kd8 31. Nc6+ Kc7 32. Bd6+ Kb6 33. Nb4+ Kb5 34. Qc4+ Kb6 35. Qc6+ Ka5 36. Qa6#",1-0,lichess_200k_bins_16layers_ckpt_with_optimizer.pt,Stockfish 0,,0.1,1,0,0,0,36,36,False,False,False,False,lichess_200k_bins_16layers_ckpt_with_optimizer.pt vs. Stockfish 0,36,24.909497261047363,36,0
1762752791-5692,"[White ""Magnus Carlsen""]
[Black ""Stockfish""]

1. e4 c5 2. Nf3 d6 3. d4 Nc6 4. dxc5 Nf6 5. cxd6 Bg4 6. dxe7 Qa5+ 7. Bd2 Qb6 8. exf8=Q+ Kd7 9. Qxf7+ Kc8 10. Qxg7 Rd8 11. Qxf6 Qd4 12. Qxd4 Nxd4 13. Nxd4 b5 14. Qxg4+ Kb7 15. Nxb5 a5 16. Qg7+ Ka6 17. Nc7+ Kb7 18. Nxa8+ Rd7 19. Qxd7+ Kb8 20. Qxh7 a4 21. Bf4+ Kxa8 22. Bb5 a3 23. Nxa3",1/2-1/2,lichess_200k_bins_16layers_ckpt_with_optimizer.pt,Stockfish 0,,0.1,1/2,1/2,0,0,23,23,False,False,False,False,lichess_200k_bins_16layers_ckpt_with_optimizer.pt vs. Stockfish 0,23,10.964929580688477,23,0
1762752821-1720,"[White ""Magnus Carlsen""]
[Black ""Stockfish""]

1. e4 c5 2. Nf3 g6 3. d4 Qa5+ 4. Bd2 Qc7 5. d5 Nf6 6. Nc3 Bg7 7. Bc4 a6 8. a4 d6 9. O-O Bg4 10. h3 Bc8 11. Re1 h6 12. e5 dxe5 13. Nxe5 Qd8 14. d6 e6 15. Bf4 O-O 16. Qd2 Nbd7 17. Bxh6 b5 18. axb5 Nxe5 19. Rxe5 Ng4 20. hxg4 Bxh6 21. Qxh6 axb5 22. Rxa8 Qxd6 23. Re1 e5 24. Bxb5 Be6 25. Rxf8+ Qxf8 26. Qxf8+ Kxf8 27. Rxe5 Kg7 28. Rxc5 Bd5 29. Rxd5 g5 30. Rxg5+ Kh7 31. Rf5 Kg7 32. Bc4 Kg6 33. Bxf7+ Kg7 34. Bc4 Kh8 35. b4 Kh7 36. b5 Kg7 37. b6 Kh7 38. b7 Kg7 39. b8=Q Kh6 40. Qb6+ Kh7 41. Rf7+ Kh8 42. Qb8#",1-0,lichess_200k_bins_16layers_ckpt_with_optimizer.pt,Stockfish 0,,0.1,1,0,0,0,42,42,False,False,False,False,lichess_200k_bins_16layers_ckpt_with_optimizer.pt vs. Stockfish 0,42,30.50381064414978,42,0
1762752853-7561,"[White ""Magnus Carlsen""]
[Black ""Stockfish""]

1. e4 e6 2. d4 d5 3. e5 a6 4. Nf3 c5 5. c3 Bd7 6. Be2 Qc7 7. O-O Nc6 8. Be3 Qb6 9. b3 Qc7 10. Nbd2 Nge7 11. dxc5 Nxe5 12. Nxe5 Qxe5 13. Bd4 Qf5 14. Nf3 Nc6 15. Bd3 Qh5 16. Be2 Qf5 17. Bd3 Qf4 18. Be3 Qf6 19. Bg5 Qxc3 20. Rc1 Qb4 21. Bd2 Qxc5 22. Rxc5 b6 23. Rc1 f6 24. Re1 g5 25. Bc3 Ba3 26. Rc2 Rc8 27. Bxf6 O-O 28. Bxg5 Rxf3 29. Qxf3 Nd4 30. Qg4 Kf7 31. Qxd4 Rxc2 32. Bxc2 Ba4 33. bxa4 b5 34. axb5 Bc1 35. Rxc1 Kg8 36. bxa6 e5 37. Qxe5 h5 38. Qxd5+ Kg7 39. Qe5+ Kf8 40. Qe7+ Kg8 41. Bb3+ Kh8 42. Rc8#",1-0,lichess_200k_bins_16layers_ckpt_with_optimizer.pt,Stockfish 0,,0.1,1,0,0,0,42,42,False,False,False,False,lichess_200k_bins_16layers_ckpt_with_optimizer.pt vs. Stockfish 0,42,31.447862148284912,42,0
1762752868-5215,"[White ""Magnus Carlsen""]
[Black ""Stockfish""]

1. e4 c5 2. Nf3 e6 3. d4 a6 4. d5 d6 5. c4 e5 6. Nc3 h6 7. Be2 Nf6 8. O-O Nbd7 9. Ne1 g6 10. Nd3 Nh7 11. f4 exf4 12. Bxf4 g5 13. Bg3 Qe7 14. Bh5 Nhf6 15. Qf3 Nxh5 16. Qxh5 Rg8 17. Rae1 Nf6 18. Qf3 Rg6 19. e5 Bg7 20. exf6 Bxf6 21. Rxe7+ Bxe7 22. Qxf7+ Kd8 23. Qxg6 Bh3 24. gxh3 g4 25. Qg8+ Kd7 26. Qxa8 Kc7 27. Qe8 gxh3 28. Qxe7+ Kc8 29. Qxd6 h5 30. Rf8+",1-0,lichess_200k_bins_16layers_ckpt_with_optimizer.pt,Stockfish 0,,0.1,1,0,0,0,30,30,False,False,False,False,lichess_200k_bins_16layers_ckpt_with_optimizer.pt vs. Stockfish 0,30,15.743646144866943,30,0
1762752880-8116,"[White ""Magnus Carlsen""]
[Black ""Stockfish""]

1. e4 c5 2. Nf3 Nc6 3. d4 cxd4 4. Nxd4 e6 5. Nc3 Bc5 6. Be3 Qb6 7. Na4 Qa5+ 8. c3 Be7 9. b4 Qd8 10. Be2 d6 11. O-O Nxd4 12. Bxd4 Bf6 13. Bb5+ Qd7 14. Bxd7+ Bxd7 15. Bxf6 Nxf6 16. Nb2 Bb5 17. Re1 g5 18. Qxd6 Nxe4 19. Rxe4 a5 20. Rd1 Bc6 21. Red4 Bxg2 22. Kxg2 axb4 23. Rxb4 Ra4 24. Rxa4 g4 25. Ra8+",1-0,lichess_200k_bins_16layers_ckpt_with_optimizer.pt,Stockfish 0,,0.1,1,0,0,0,25,25,False,False,False,False,lichess_200k_bins_16layers_ckpt_with_optimizer.pt vs. Stockfish 0,25,11.472810745239258,25,0
1762752908-5552,"[White ""Magnus Carlsen""]
[Black ""Stockfish""]

1. e4 e5 2. Nf3 d6 3. Bc4 Nc6 4. d3 Bd7 5. Ng5 f6 6. Nf7 Qb8 7. Nxh8 Ke7 8. Nf7 Nd4 9. Nc3 b5 10. Bd5 Be6 11. Bxa8 Qxa8 12. Nxb5 Bxf7 13. Nxc7 Qc8 14. Nd5+ Bxd5 15. exd5 Qa6 16. O-O Kf7 17. c3 Nf5 18. Qh5+ Ke7 19. Qxf5 Ke8 20. Qe6+ Be7 21. Qxg8+ Kd7 22. Qxg7 Qxd3 23. Be3 Qe4 24. Bxa7 Qe2 25. Qxh7 Qf3 26. gxf3 Kd8 27. Qg8+ Kd7 28. Qe6+ Kd8 29. Bb6+ Ke8 30. Qg8+ Bf8 31. Qg6+ Kd7 32. Qf7+ Be7 33. Qe6+ Ke8 34. Qc8+ Kf7 35. Qe6+ Ke8 36. Qg8+ Kd7 37. Qe6+ Ke8 38. Qg8+ Bf8 39. Qe6+ Be7",1/2-1/2,lichess_200k_bins_16layers_ckpt_with_optimizer.pt,Stockfish 0,,0.1,1/2,1/2,0,0,39,39,False,False,False,False,lichess_200k_bins_16layers_ckpt_with_optimizer.pt vs. Stockfish 0,40,27.860020399093628,39,0
1762752920-8773,"[White ""Magnus Carlsen""]
[Black ""Stockfish""]

1. e4 c5 2. Nf3 Nc6 3. d4 Nxd4 4. Nxd4 cxd4 5. Qxd4 a6 6. Nc3 e6 7. Be3 b5 8. O-O-O Bb7 9. f3 Qc7 10. g4 Rc8 11. Kb1 Ne7 12. h4 Nc6 13. Qd2 h5 14. g5 Bb4 15. Bh3 Ne7 16. Bd4 e5 17. Be3 Rd8 18. a3 Ba5 19. b4 d5 20. bxa5 O-O 21. Bb6 Qc4 22. Bxd8 b4 23. axb4 Qxb4+ 24. Kc1 Rxd8 25. Nxd5 Qa3+ 26. Kb1 Bxd5 27. exd5 Rb8+ 28. Qb4 Rxb4#",0-1,lichess_200k_bins_16layers_ckpt_with_optimizer.pt,Stockfish 0,,0.1,0,1,0,0,28,28,False,False,False,False,lichess_200k_bins_16layers_ckpt_with_optimizer.pt vs. Stockfish 0,29,12.580180406570435,28,0
1762753004-2704,"[White ""Magnus Carlsen""]
[Black ""Stockfish""]

1. e4 c6 2. d4 g6 3. Nc3 d5 4. e5 f6 5. f4 Bg7 6. Nf3 Qc7 7. Bd3 a5 8. O-O Nh6 9. h3 Na6 10. a3 Nf5 11. Bxf5 Bxf5 12. g4 Bd7 13. Qe2 Bc8 14. Be3 b5 15. Rae1 O-O 16. Qf2 Qd8 17. Qg3 a4 18. Ne2 c5 19. c3 fxe5 20. fxe5 Qc7 21. Nf4 Qc6 22. Ng5 cxd4 23. cxd4 Nc7 24. Rc1 Qd7 25. Rc5 Ba6 26. Rfc1 Ra7 27. Nfe6 Nxe6 28. Nxe6 Qxe6 29. Rc6 Qf7 30. Rxa6 e6 31. Rac6 Re7 32. R6c5 Ree8 33. Rxb5 Qa7 34. Rbc5 Rb8 35. R1c2 g5 36. Bxg5 Rb3 37. Qh4 Qf7 38. R5c3 h6 39. Rxb3 Qf1+ 40. Kh2 hxg5 41. Qxg5 Rf2+ 42. Rxf2 Qxf2+ 43. Kh1 axb3 44. Qd8+ Kf7 45. Qd7+ Kg6 46. Qxe6+ Kh7 47. Qf5+ Qxf5 48. gxf5 Bh6 49. Kg2 Kg8 50. Kf3 Bc1 51. Kg4 Bxb2 52. Kg5 Bxa3 53. Kf6 Bf8 54. Ke6 Bh6 55. Kxd5 b2 56. Ke6 Kh7 57. d5 Bf4 58. d6 Bxe5 59. Kxe5 b1=Q 60. d7 Qd3 61. Ke6 Kg7 62. Ke7 Qe2+ 63. Kd8 Qe3 64. Kc8 Qc3+ 65. Kb7 Qa5 66. Kc8 Qxf5 67. Kc7 Qc5+ 68. Kb7 Qd4 69. Kc8 Qc5+ 70. Kb7 Qd6 71. Kc8 Qc6+ 72. Kd8 Kf6 73. h4 Ke6 74. h5 Qxd7#",0-1,lichess_200k_bins_16layers_ckpt_with_optimizer.pt,Stockfish 0,,0.1,0,1,0,0,74,74,False,False,False,False,lichess_200k_bins_16layers_ckpt_with_optimizer.pt vs. Stockfish 0,75,83.90167713165283,74,0
1762753025-8409,"[White ""Magnus Carlsen""]
[Black ""Stockfish""]

1. e4 e6 2. d4 c5 3. d5 d6 4. c4 g6 5. Nc3 Bg7 6. Bd2 Na6 7. a3 Nf6 8. Bd3 Nc7 9. Nge2 exd5 10. exd5 a6 11. O-O O-O 12. Re1 Ng4 13. h3 Nf6 14. Ng3 Re8 15. Qc2 b5 16. b3 Rxe1+ 17. Rxe1 Rb8 18. Nce4 Nce8 19. Bg5 h6 20. Bxf6 bxc4 21. Bxd8 Bd7 22. Be7 f5 23. Nxd6 Rxb3 24. Nxe8 Rxd3 25. Nxg7 Rxd5 26. Ne6 Bxe6 27. Rxe6 Rd8 28. Bxd8 Kf8 29. Qxc4 h5 30. Qxc5+ Kg8 31. Qe7 g5 32. Rg6+ Kh8 33. Qf8+ Kh7 34. Qg7#",1-0,lichess_200k_bins_16layers_ckpt_with_optimizer.pt,Stockfish 0,,0.1,1,0,0,0,34,34,False,False,False,False,lichess_200k_bins_16layers_ckpt_with_optimizer.pt vs. Stockfish 0,34,20.580259561538696,34,0
1762753043-5143,"[White ""Magnus Carlsen""]
[Black ""Stockfish""]

1. e4 e5 2. Nf3 Nc6 3. Bc4 Bc5 4. d3 a6 5. Ng5 d5 6. exd5 Nb4 7. d6 Qxd6 8. Nxf7 Qb6 9. Nxh8 Bg4 10. Qxg4 Nxc2+ 11. Kd1 Nf6 12. Qxg7 O-O-O 13. Nf7 Bf8 14. Qg3 Rd4 15. Qxe5 Ng4 16. Qe8+ Rd8 17. Qe6+ Rd7 18. Qxg4 Qxf2 19. Ne5 Bg7 20. Qxd7+ Kb8 21. Qd8+ Ka7 22. Nd7 Bh6 23. Qxc7 Qxg2 24. Qb6+ Ka8 25. Qd8+ Ka7 26. Qb6+ Ka8 27. Qd8+ Ka7 28. Qb6+ Ka8 29. Qd8+ Ka7 30. Qb6+ Ka8 31. Qd8+ Ka7 32. Qb6+",1/2-1/2,lichess_200k_bins_16layers_ckpt_with_optimizer.pt,Stockfish 0,,0.1,1/2,1/2,0,0,32,32,False,False,False,False,lichess_200k_bins_16layers_ckpt_with_optimizer.pt vs. Stockfish 0,32,18.44778800010681,32,0
1762753058-7367,"[White ""Magnus Carlsen""]
[Black ""Stockfish""]

1. e4 e5 2. Nf3 Nc6 3. Bc4 Nf6 4. Ng5 Bc5 5. Nxf7 Bxf2+ 6. Kxf2 Qe7 7. Nxh8 Qc5+ 8. Ke1 Qxc4 9. d3 Qd4 10. c3 Qd6 11. Bg5 Qf8 12. Bxf6 Qxf6 13. Qh5+ Ke7 14. Qxh7 b5 15. Ng6+ Kd6 16. Nd2 Qg5 17. Rf1 Bb7 18. Qxg7 Rh8 19. Rf6+ Kc5 20. b4+ Kb6 21. Qxh8 d6 22. Qf8 Qxg2 23. Qd8 Nxd8 24. Ne7 Qg1+ 25. Rf1 Qg5 26. Nd5+ Bxd5 27. exd5 Qh5 28. Ne4 Qh3 29. Rd1 Qe3#",0-1,lichess_200k_bins_16layers_ckpt_with_optimizer.pt,Stockfish 0,,0.1,0,1,0,0,29,29,False,False,False,False,lichess_200k_bins_16layers_ckpt_with_optimizer.pt vs. Stockfish 0,30,14.750689268112183,29,0
1762753119-5044,"[White ""Magnus Carlsen""]
[Black ""Stockfish""]

1. e4 c6 2. d4 d5 3. e5 Qc7 4. Nf3 e6 5. Bd3 c5 6. c3 Bd7 7. O-O a6 8. Be3 Nc6 9. Nbd2 c4 10. Bc2 b5 11. b3 Ba3 12. b4 h6 13. Nb1 Bb2 14. Nbd2 Bxc3 15. Rb1 Nxb4 16. a3 Nxc2 17. Qxc2 Qa5 18. Nb3 Qd8 19. Qxc3 cxb3 20. Rxb3 a5 21. Rfb1 Rc8 22. Qd3 Qb6 23. Rxb5 Bxb5 24. Rxb5 Qa7 25. Qb3 a4 26. Qb4 Qa8 27. Rb7 Qa6 28. h3 Rh7 29. Nd2 g6 30. Nb1 Rh8 31. Nc3 g5 32. Nxa4 f6 33. Nc5 Qc6 34. Rb6 Qa8 35. Rxe6+ Ne7 36. Rxe7+ Kxe7 37. Nb7+ Kf7 38. Nd6+ Kg8 39. Nxc8 Qxc8 40. Qe7 Rh7 41. Qxf6 Rg7 42. Qxh6 Qf5 43. Qd6 g4 44. hxg4 Rxg4 45. Qxd5+ Kg7 46. Qd6 Qf3 47. Qf6+ Qxf6 48. exf6+ Kg8 49. a4 Rh4 50. a5 Kf7 51. a6 Kxf6 52. a7 Rg4 53. a8=Q Rxg2+ 54. Kxg2 Kf7 55. Qe4 Kg8 56. d5 Kh8 57. d6 Kg7 58. d7 Kh8 59. d8=Q+ Kg7 60. Qde7+ Kg8 61. Q4h7#",1-0,lichess_200k_bins_16layers_ckpt_with_optimizer.pt,Stockfish 0,,0.1,1,0,0,0,61,61,False,False,False,False,lichess_200k_bins_16layers_ckpt_with_optimizer.pt vs. Stockfish 0,61,61.057180404663086,61,0
1762753158-8649,"[White ""Magnus Carlsen""]
[Black ""Stockfish""]

1. e4 e5 2. Nf3 Nc6 3. Bc4 d6 4. d3 a6 5. Ng5 Nh6 6. Qf3 f6 7. Ne6 Qe7 8. Nxf8 Rxf8 9. Bxh6 gxh6 10. Qh5+ Kd7 11. Qxh6 Ke8 12. Nc3 Nb4 13. O-O-O c6 14. a3 b5 15. Bb3 a5 16. axb4 Qa7 17. bxa5 b4 18. Na4 Qxa5 19. Qxh7 c5 20. Qg6+ Ke7 21. Qg7+ Kd8 22. Qxf8+ Kd7 23. Qf7+ Kd8 24. Qxf6+ Ke8 25. Qxd6 c4 26. Qc6+ Kd8 27. Qxc4 Bg4 28. f3 Ke8 29. fxg4 Ra7 30. Qc8+ Ke7 31. Qe6+ Kd8 32. Qd6+ Ke8 33. Qxe5+ Qxe5 34. Rhf1 Qg5+ 35. Kb1 Qa5 36. Rf5 Qa6 37. Rdf1 Qh6 38. Rf8+ Ke7 39. R1f7+ Kd6 40. Rxa7 Qxh2 41. Ra6+ Ke7 42. Rf7+ Kd8 43. Ra8# Qb8 44. Rxb8#",1-0,lichess_200k_bins_16layers_ckpt_with_optimizer.pt,Stockfish 0,,0.1,1,0,0,0,44,44,False,False,False,False,lichess_200k_bins_16layers_ckpt_with_optimizer.pt vs. Stockfish 0,44,38.56744861602783,44,0
1762753164-5585,"[White ""Magnus Carlsen""]
[Black ""Stockfish""]

1. e4 e6 2. d4 Be7 3. Nc3 c6 4. Nf3 d6 5. Bd3 Nf6 6. O-O a5 7. e5 Nfd7 8. exd6 Bf8 9. Bf4 h6 10. Re1 a4 11. a3 Nf6 12. Ne4 b6 13. Nxf6+ Qxf6 14. Be5 Qd8 15. c4 Bxd6 16. Bxg7 Rg8 17. Bxh6 Qf6 18. Bg5 Qg7 19. d5 Be7 20. Bxe7 Qxg2#",0-1,lichess_200k_bins_16layers_ckpt_with_optimizer.pt,Stockfish 0,,0.1,0,1,0,0,20,20,False,False,False,False,lichess_200k_bins_16layers_ckpt_with_optimizer.pt vs. Stockfish 0,21,6.941681385040283,20,0
1762753194-4951,"[White ""Magnus Carlsen""]
[Black ""Stockfish""]

1. e4 c6 2. d4 d5 3. e5 c5 4. c3 e6 5. Nf3 Be7 6. Bd3 Bd7 7. O-O a6 8. Be3 c4 9. Bc2 b5 10. Nbd2 h6 11. b3 Kf8 12. bxc4 dxc4 13. Ne4 Bc6 14. Nc5 Nd7 15. Nxd7+ Ke8 16. Nc5 Qa5 17. Bd2 Rb8 18. Ne4 Ba3 19. Nd6+ Ke7 20. Ne4 Ke8 21. Nc5 Bxc5 22. dxc5 Rd8 23. Qe2 Ne7 24. Nd4 Rxd4 25. cxd4 c3 26. Be3 Bxg2 27. Kxg2 Kd7 28. Qf3 Ng6 29. Qxf7+ Kd8 30. Qxg6 Rh7 31. Qxh7 Ke8 32. Qxg7 b4 33. Bxh6 Qb5 34. Qf8+ Kd7 35. Qd6+ Kc8 36. Bg5 b3 37. axb3 Qc4 38. Qd8+ Kb7 39. Qb6+ Kc8 40. Be4 a5 41. Qb7#",1-0,lichess_200k_bins_16layers_ckpt_with_optimizer.pt,Stockfish 0,,0.1,1,0,0,0,41,41,False,False,False,False,lichess_200k_bins_16layers_ckpt_with_optimizer.pt vs. Stockfish 0,41,29.671776294708252,41,0
1762753262-3206,"[White ""Magnus Carlsen""]
[Black ""Stockfish""]

1. e4 c5 2. Nf3 d6 3. d4 Nf6 4. Nc3 cxd4 5. Nxd4 a6 6. Be3 g6 7. f3 Nbd7 8. Qd2 h5 9. O-O-O b5 10. Kb1 Bg7 11. h3 Qc7 12. g4 Bb7 13. g5 Nh7 14. h4 b4 15. Nce2 O-O 16. Ng3 Ne5 17. Be2 Rfd8 18. f4 Nc4 19. Bxc4 Qxc4 20. f5 a5 21. fxg6 fxg6 22. Rhf1 Rdc8 23. Ngf5 e5 24. Nxg7 exd4 25. Bxd4 Qxc2+ 26. Qxc2 Rxc2 27. Kxc2 a4 28. Kb1 Rc8 29. Rc1 Nf8 30. Rxc8 Bxc8 31. Rc1 Bb7 32. Rc7 Bxe4+ 33. Kc1 d5 34. Ne8 Bf3 35. Nf6+ Kh8 36. Rc8 Kg7 37. Rxf8 Kxf8 38. Bc5+ Kg7 39. Bxb4 Kf7 40. Bc3 Kg7 41. Kd2 Bh1 42. Ke3 a3 43. bxa3 Kf8 44. Kd4 Bf3 45. Ke5 Ke7 46. Nxd5+ Kf7 47. Nf4 Bh1 48. a4 Ke8 49. a5 Ke7 50. a6 Kd7 51. a7 Ke8 52. a4 Ba8 53. a5 Kd8 54. Nxg6 Bh1 55. Nf4 Bd5 56. Nxh5 Ba8 57. Nf6 Kc8 58. h5 Bf3 59. h6 Be4 60. h7 Kb7 61. h8=Q Kxa7 62. Qg7+ Kb8 63. Kxe4 Kc8 64. Kd5 Kb8 65. Kc6 Ka8 66. Qb7#",1-0,lichess_200k_bins_16layers_ckpt_with_optimizer.pt,Stockfish 0,,0.1,1,0,0,0,66,66,False,False,False,False,lichess_200k_bins_16layers_ckpt_with_optimizer.pt vs. Stockfish 0,66,67.7653477191925,66,0
1762753384-8217,"[White ""Magnus Carlsen""]
[Black ""Stockfish""]

1. e4 d5 2. exd5 Nf6 3. Nc3 Nxd5 4. Nxd5 Qxd5 5. Nf3 g6 6. d4 Bf5 7. Bd3 Bxd3 8. Qxd3 Nd7 9. O-O O-O-O 10. c4 Qc6 11. d5 Qf6 12. Bg5 Qb6 13. b3 Bg7 14. Rab1 f6 15. Be3 Qa6 16. a4 e6 17. dxe6 Nc5 18. Qc2 Nxe6 19. Rfd1 Rxd1+ 20. Rxd1 Rd8 21. Rxd8+ Nxd8 22. Qd3 Bf8 23. Nd4 Qa5 24. Bd2 Qh5 25. Nb5 Qd1+ 26. Qf1 Qxd2 27. Nxa7+ Kb8 28. Nb5 Kc8 29. g3 Bc5 30. Qh3+ f5 31. Qf1 Kd7 32. Kg2 Ne6 33. h4 c6 34. Na3 f4 35. gxf4 Qxf4 36. Nc2 Qf5 37. Ne3 Qe5 38. Qd3+ Bd4 39. Ng4 Nf4+ 40. Kf3 Nxd3 41. Nxe5+ Bxe5 42. Ke4 Bg7 43. Kxd3 Kc8 44. Ke4 Bf6 45. f4 Kd7 46. f5 Kd6 47. fxg6 hxg6 48. Kf4 Ke6 49. Kg4 c5 50. h5 Kf7 51. hxg6+ Kxg6 52. Kf4 Kf7 53. Ke4 Ke6 54. Kd3 Bh4 55. Kc2 Be7 56. Kb2 Bd8 57. Ka3 Bh4 58. b4 Be1 59. bxc5 Ba5 60. Kb3 Kf7 61. Kc2 Bb4 62. Kd3 Ke6 63. Ke4 Kd7 64. Kd5 Be1 65. Ke4 Kc6 66. Kd4 Bb4 67. Ke4 Kxc5 68. Kd3 Ba5 69. Kc2 Kxc4 70. Kb2 Bc7 71. Ka3 Ba5 72. Kb2 Bc7 73. Ka3 b6 74. Kb2 Bd8 75. Ka3 Kc3 76. Ka2 Bf6 77. Ka3 Kc4 78. Ka2 Kb4 79. Kb1 Kxa4 80. Kc2 Bd8 81. Kd3 Bf6 82. Kc4 Bg5 83. Kd5 b5 84. Kc6 b4 85. Kd5 Be3 86. Kc4 Bf4 87. Kd3 b3 88. Kc3 Bg5 89. Kb2 Bf6+ 90. Kb1 Bh8",*,lichess_200k_bins_16layers_ckpt_with_optimizer.pt,Stockfish 0,,0.1,0.5,0.5,0,0,90,90,False,False,False,False,lichess_200k_bins_16layers_ckpt_with_optimizer.pt vs. Stockfish 0,91,121.96284651756287,90,0
1762753502-3094,"[White ""Magnus Carlsen""]
[Black ""Stockfish""]

1. e4 e5 2. Nf3 d5 3. exd5 e4 4. Nd4 Be7 5. Nc3 Nf6 6. Bc4 c6 7. dxc6 Qxd4 8. cxb7 Bxb7 9. Bb5+ Nbd7 10. O-O Qb6 11. d3 a6 12. Bxd7+ Nxd7 13. dxe4 Qe6 14. Be3 Rc8 15. Qd3 Nc5 16. Bxc5 Bxc5 17. Rad1 Bc6 18. Nd5 Bb5 19. c4 Bd7 20. b4 Be7 21. Nxe7 Rxc4 22. Qxd7+ Qxd7 23. Rxd7 Kxd7 24. Nd5 Kc6 25. f3 Rb8 26. a3 Rb5 27. Rd1 Kb7 28. Ne3 Rc3 29. Rd7+ Kc6 30. Rxf7 Rxe3 31. Rxg7 Rd3 32. Rxh7 Rc3 33. Rh6+ Kc7 34. Rxa6 Rc1+ 35. Kf2 Rc2+ 36. Kg3 Ra2 37. h4 Rh5 38. Kg4 Rh7 39. g3 Rg7+ 40. Kf4 Rg8 41. g4 Kd7 42. h5 Rf8+ 43. Kg3 Ra1 44. g5 Rg1+ 45. Kf2 Rh1 46. h6 Rh5 47. Ra7+ Kc6 48. Rg7 Kd6 49. Ke3 Rh3 50. Rg6+ Kd7 51. Rf6 Rxf6 52. gxf6 Rh5 53. Kf4 Rxh6 54. Kf5 Rh3 55. f4 Ke8 56. e5 Rc3 57. e6 Rxa3 58. b5 Rb3 59. b6 Rxb6 60. Kg6 Rb4 61. f5 Ra4 62. Kg7 Rg4+ 63. Kh6 Rf4 64. Kg6 Rg4+ 65. Kh5 Rf4 66. Kg5 Rb4 67. Kg6 Rb3 68. Kg7 Re3 69. Kg6 Kf8 70. Kg5 Rf3 71. Kg4 Re3 72. Kf4 Re1 73. Kg5 Re4 74. Kg6 Ra4 75. Kg5 Re4 76. Kg6 Rd4 77. Kg5 Re4 78. Kg6 Rg4+ 79. Kh5 Rg1 80. Kh4 Rg2 81. Kh3 Rg5 82. Kh4 Rxf5 83. Kg4 Rxf6 84. Kg5 Ke7 85. Kg4 Rf8 86. Kg5 Rf1 87. Kg6 Rf6+ 88. Kg5 Rf1 89. Kg4 Rd1 90. Kg5 Rd2",*,lichess_200k_bins_16layers_ckpt_with_optimizer.pt,Stockfish 0,,0.1,0.5,0.5,0,0,90,90,False,False,False,False,lichess_200k_bins_16layers_ckpt_with_optimizer.pt vs. Stockfish 0,91,117.81424593925476,90,0
1762753517-7289,"[White ""Magnus Carlsen""]
[Black ""Stockfish""]

1. e4 d5 2. exd5 Nf6 3. Nc3 Nxd5 4. Nxd5 c6 5. Nc3 b6 6. Nf3 Nd7 7. Bc4 Qc7 8. d3 b5 9. Bb3 e6 10. O-O Be7 11. Re1 b4 12. Ne4 O-O 13. Bg5 f6 14. Bh4 Kh8 15. Bg3 Qd8 16. Bxe6 f5 17. Neg5 f4 18. Nf7+ Kg8 19. Nxd8+ Rf7 20. Bxf7+ Kh8 21. Rxe7 Bb7 22. Nxb7 Rg8 23. Bxg8 Ne5 24. Rxe5 a6 25. Re8 g5 26. Bf7+ Kg7 27. Bxf4 gxf4 28. Ne5 h6 29. Qg4+ Kh7 30. Qg6+",1-0,lichess_200k_bins_16layers_ckpt_with_optimizer.pt,Stockfish 0,,0.1,1,0,0,0,30,30,False,False,False,False,lichess_200k_bins_16layers_ckpt_with_optimizer.pt vs. Stockfish 0,30,15.586134910583496,30,0
1762753535-1624,"[White ""Magnus Carlsen""]
[Black ""Stockfish""]

1. e4 e6 2. d4 d5 3. e5 a6 4. Nf3 h6 5. Bd3 Ne7 6. O-O Bd7 7. c4 dxc4 8. Bxc4 Bc6 9. Nc3 Nd7 10. d5 Nxd5 11. Nxd5 Bc5 12. Nc3 Bxf3 13. Qxf3 Qh4 14. Be3 Nxe5 15. Qxb7 O-O 16. Bxc5 Rfd8 17. Be2 Rdb8 18. Qxc7 Qg5 19. Be3 Qxe3 20. fxe3 Rxb2 21. Qxe5 a5 22. Qe4 Rc8 23. Bd3 Rxc3 24. Qh7+ Kf8 25. Qh8+ Ke7 26. Qxg7 Kd6 27. Qxf7 Rxa2 28. Rxa2 Rxd3 29. Rxa5 h5 30. Qf4+ Kd7 31. Ra7+ Kd8 32. Qf8+",1-0,lichess_200k_bins_16layers_ckpt_with_optimizer.pt,Stockfish 0,,0.1,1,0,0,0,32,32,False,False,False,False,lichess_200k_bins_16layers_ckpt_with_optimizer.pt vs. Stockfish 0,32,17.96228528022766,32,0
1762753563-7170,"[White ""Magnus Carlsen""]
[Black ""Stockfish""]

1. e4 e6 2. d4 a6 3. Nf3 c5 4. d5 exd5 5. exd5 h6 6. Bc4 d6 7. O-O Be7 8. Re1 Nd7 9. Nc3 Nb6 10. Bd3 Kf8 11. Bf4 Bd7 12. Qe2 Nf6 13. Qxe7+ Qxe7 14. Rxe7 c4 15. Rxd7 Nfxd7 16. Bf5 Ke7 17. Re1+ Kf6 18. Bxd6 Rhe8 19. Bxd7 Nxd7 20. Rxe8 Rxe8 21. Kf1 g5 22. h3 Kf5 23. g4+ Kg6 24. Nd4 h5 25. Nf5 Nf6 26. Ne7+ Rxe7 27. Bxe7 b5 28. Bxf6 b4 29. Ne4 a5 30. Bxg5 f5 31. gxf5+ Kg7 32. f6+ Kg6 33. d6 c3 34. bxc3 Kf5 35. d7 h4 36. d8=Q a4 37. Qd5+ Kg6 38. Nd6 Kh7 39. Qf7+ Kh8 40. Qg7#",1-0,lichess_200k_bins_16layers_ckpt_with_optimizer.pt,Stockfish 0,,0.1,1,0,0,0,40,40,False,False,False,False,lichess_200k_bins_16layers_ckpt_with_optimizer.pt vs. Stockfish 0,40,27.823248624801636,40,0
1762753617-2486,"[White ""Magnus Carlsen""]
[Black ""Stockfish""]

1. e4 e5 2. Nf3 Nf6 3. Nc3 Nc6 4. Bc4 d6 5. d3 Be7 6. Bg5 O-O 7. O-O h6 8. Bh4 g5 9. Bg3 Kh8 10. h3 Na5 11. Bb3 Nxb3 12. axb3 a6 13. Nh2 h5 14. f3 c5 15. Bf2 Qc7 16. Be3 Nh7 17. Nd5 Qd8 18. Nxe7 h4 19. Nd5 f5 20. exf5 Rg8 21. Ng4 Bd7 22. f6 Qe8 23. Ne7 Rf8 24. Nh6 Rxf6 25. Nd5 Rxh6 26. Bxg5 Nxg5 27. Nc7 Qb8 28. Nxa8 Rg6 29. Nb6 Nxh3+ 30. Kh2 Qd8 31. Nxd7 Qg5 32. Qe2 Kg8 33. gxh3 Qg3+ 34. Kh1 c4 35. Rg1 cxd3 36. cxd3 Qxh3+ 37. Qh2 Qxf3+ 38. Rg2 h3 39. Rg1 Rxg2 40. Rxg2+ Kh7 41. Nf6+ Kh6 42. Ng4+ Kh5 43. Nf2 Qxg2+ 44. Qxg2 b5 45. Qxh3+ Kg5 46. Qg4+ Kf6 47. Ne4+ Ke7 48. Qg6 b4 49. Qxd6+ Ke8 50. Qxe5+ Kf8 51. Qd6+ Kf7 52. Qxb4 a5 53. Qxa5 Kg6 54. Qg5+ Kh7 55. Nf6+ Kh8 56. Qg8#",1-0,lichess_200k_bins_16layers_ckpt_with_optimizer.pt,Stockfish 0,,0.1,1,0,0,0,56,56,False,False,False,False,lichess_200k_bins_16layers_ckpt_with_optimizer.pt vs. Stockfish 0,56,54.270320415496826,56,0
1762753640-8332,"[White ""Magnus Carlsen""]
[Black ""Stockfish""]

1. e4 g6 2. d4 d6 3. Nc3 Nf6 4. Be3 Bg7 5. f3 Nfd7 6. Qd2 a5 7. O-O-O a4 8. a3 Nb6 9. g4 h5 10. gxh5 Rxh5 11. Nge2 Nc4 12. Qd3 b5 13. Nf4 Nxe3 14. Nxh5 Kf8 15. Nxg7 b4 16. Qxe3 bxa3 17. bxa3 Ra5 18. Qh6 e5 19. Ne6+ Ke7 20. Nxd8 exd4 21. Nd5+ Ke8 22. Nf6+ Ke7 23. Nh7 Be6 24. Qf8+ Kd7 25. Nf6+ Kc8 26. Nxe6 Kb7 27. Nd8+ Ka8 28. Nc6 Kb7 29. Nxa5+ Ka7 30. Nc6+ Kb6 31. Nxb8 Kb7 32. Nd5 f6 33. Qe7 Kxb8 34. Qxc7+ Ka8 35. Nb6#",1-0,lichess_200k_bins_16layers_ckpt_with_optimizer.pt,Stockfish 0,,0.1,1,0,0,0,35,35,False,False,False,False,lichess_200k_bins_16layers_ckpt_with_optimizer.pt vs. Stockfish 0,35,22.625850200653076,35,0
1762753661-5453,"[White ""Magnus Carlsen""]
[Black ""Stockfish""]

1. e4 c6 2. d4 e6 3. Nf3 d6 4. Bd3 Be7 5. O-O Nf6 6. c4 Nfd7 7. Nc3 e5 8. d5 Na6 9. a3 Nac5 10. Bc2 Nf6 11. b4 Na6 12. Be3 Nc7 13. h3 h6 14. Qd2 a5 15. Rab1 cxd5 16. cxd5 Na6 17. b5 Nc7 18. a4 Bd7 19. Rfc1 Rb8 20. Bb6 O-O 21. Bxa5 Rc8 22. Bb6 Nh5 23. Ne2 Qe8 24. Bd3 f5 25. Rxc7 Qg6 26. Rxd7 Bd8 27. Bxd8 Rc1+ 28. Rxc1 f4 29. Be7 Rf7 30. Rd8+ Kh7 31. Bxd6 Rf8 32. Rxf8 Qf6 33. Rxf6 g5 34. Rf7+ Kh8 35. Rc8#",1-0,lichess_200k_bins_16layers_ckpt_with_optimizer.pt,Stockfish 0,,0.1,1,0,0,0,35,35,False,False,False,False,lichess_200k_bins_16layers_ckpt_with_optimizer.pt vs. Stockfish 0,35,20.765564918518066,35,0
1762753681-9128,"[White ""Magnus Carlsen""]
[Black ""Stockfish""]

1. e4 e6 2. d4 c5 3. d5 Nf6 4. Nc3 a6 5. a4 Be7 6. Nf3 d6 7. Be2 O-O 8. O-O h6 9. h3 Qc7 10. Bf4 Nh5 11. Bh2 Nf6 12. Re1 Rd8 13. Bf1 exd5 14. exd5 Re8 15. Qd2 Bf8 16. Rxe8 Nxe8 17. Re1 Qd8 18. Qe3 Bd7 19. Ne4 b5 20. axb5 Bxb5 21. c4 Bd7 22. Qf4 Bc8 23. Nc3 Ra7 24. Bd3 Nd7 25. Qf5 g6 26. Qf4 f5 27. Re6 Ndf6 28. Re1 Re7 29. Rxe7 Bxe7 30. Qxh6 Ne4 31. Qxg6+ Kf8 32. Nxe4 Qb6 33. Neg5 Bxg5 34. Nxg5 Qc6 35. Qf7#",1-0,lichess_200k_bins_16layers_ckpt_with_optimizer.pt,Stockfish 0,,0.1,1,0,0,0,35,35,False,False,False,False,lichess_200k_bins_16layers_ckpt_with_optimizer.pt vs. Stockfish 0,35,20.7252094745636,35,0
1762753698-8196,"[White ""Magnus Carlsen""]
[Black ""Stockfish""]

1. e4 e5 2. Nf3 d6 3. Bc4 c6 4. d3 Nd7 5. Ng5 Nh6 6. Qf3 d5 7. exd5 Bb4+ 8. c3 Ba5 9. dxc6 Qe7 10. cxd7+ Qxd7 11. O-O Ng4 12. Nxf7 O-O 13. Nxe5+ Rf7 14. Nxd7 Bxd7 15. Qxf7+ Kh8 16. Qxd7 Nh6 17. Bxh6 g5 18. Bxg5 Rf8 19. Bf6+ Rxf6 20. Qe8+ Kg7 21. Qe7+ Kh6 22. Qxf6+ Kh5 23. Qf5+ Kh4 24. Qxa5 h6 25. Qxa7 b5 26. Bxb5 Kh5 27. Qc5+ Kh4 28. g3+ Kg4 29. Qd4+ Kh3 30. Qh4+",1-0,lichess_200k_bins_16layers_ckpt_with_optimizer.pt,Stockfish 0,,0.1,1,0,0,0,30,30,False,False,False,False,lichess_200k_bins_16layers_ckpt_with_optimizer.pt vs. Stockfish 0,30,16.810511589050293,30,0
1762753722-2309,"[White ""Magnus Carlsen""]
[Black ""Stockfish""]

1. e4 c5 2. Nf3 e6 3. d4 Be7 4. d5 exd5 5. exd5 a6 6. c4 Nf6 7. Nc3 Qb6 8. Bd3 O-O 9. O-O Re8 10. Re1 Qc7 11. Bg5 Bd8 12. Rxe8+ Nxe8 13. Bxd8 Qxd8 14. Qe2 d6 15. Re1 Kf8 16. Bxh7 g6 17. Qe3 Ng7 18. Qh6 Qd7 19. Ng5 Qa4 20. Nxa4 Bg4 21. Nb6 Nc6 22. Nxa8 Bf5 23. Nb6 Ne5 24. Nd7+ Bxd7 25. Rxe5 f6 26. Re7 Kxe7 27. Qxg7+ Kd8 28. Qxf6+ Kc7 29. Qe7 Kc8 30. Bxg6 b6 31. Bf5 Kb7 32. Qxd7+ Kb8 33. Qc6 b5 34. Ne6 Ka7 35. Qc7+ Ka8 36. Nd8 b4 37. Qb7#",1-0,lichess_200k_bins_16layers_ckpt_with_optimizer.pt,Stockfish 0,,0.1,1,0,0,0,37,37,False,False,False,False,lichess_200k_bins_16layers_ckpt_with_optimizer.pt vs. Stockfish 0,37,24.16317319869995,37,0
1762753792-8473,"[White ""Magnus Carlsen""]
[Black ""Stockfish""]

1. e4 d6 2. d4 e5 3. dxe5 dxe5 4. Qxd8+ Kxd8 5. Nf3 Nc6 6. Bb5 Bd6 7. Bxc6 f6 8. Bd5 Ne7 9. Bb3 Ng6 10. O-O c6 11. Nc3 Kc7 12. Be3 b5 13. Rad1 a5 14. a3 Bg4 15. h3 Bxf3 16. gxf3 Nf4 17. Bxf4 exf4 18. Ne2 a4 19. Ba2 g6 20. Nd4 Be5 21. Ne6+ Kb7 22. Rd7+ Kb6 23. Rfd1 Rhe8 24. Ng7 Rh8 25. Ne6 Rae8 26. Nd4 Rd8 27. Rxd8 Rxd8 28. c3 c5 29. Bd5 cxd4 30. cxd4 Bd6 31. Rc1 Ka5 32. Rc6 Bb8 33. Rxf6 Rd7 34. Rf8 Ba7 35. Ra8 g5 36. Rg8 Bxd4 37. Rxg5 Rc7 38. Rg4 Bxb2 39. Rxf4 Rc8 40. Rf7 Rc1+ 41. Kg2 Bxa3 42. Rxh7 Bc5 43. Rb7 b4 44. Ra7+ Bxa7 45. Bc4 Kb6 46. Bd5 Kb5 47. Bc4+ Rxc4 48. e5 b3 49. e6 Bc5 50. e7 Bxe7 51. f4 Rc7 52. f5 Rc1 53. f6 Bxf6 54. Kf3 Rg1 55. Ke2 b2 56. Kf3 Ra1 57. Ke2 Re1+ 58. Kf3 Bc3 59. Kg2 Rg1+ 60. Kf3 Bf6 61. Ke2 Re1+ 62. Kf3 Rg1 63. Ke2 Kb4 64. Kf3 b1=Q 65. Ke2 Re1+ 66. Kf3 Qe4+ 67. Kg3 Bh4+ 68. Kh2 Qf4+ 69. Kg2 Qxf2#",0-1,lichess_200k_bins_16layers_ckpt_with_optimizer.pt,Stockfish 0,,0.1,0,1,0,0,69,69,False,False,False,False,lichess_200k_bins_16layers_ckpt_with_optimizer.pt vs. Stockfish 0,70,69.53764367103577,69,0
1762753841-8182,"[White ""Magnus Carlsen""]
[Black ""Stockfish""]

1. e4 c5 2. Nf3 Nc6 3. d4 Nxd4 4. Nxd4 cxd4 5. Qxd4 e6 6. Nc3 d6 7. Be3 Nf6 8. O-O-O Ng4 9. Bb5+ Bd7 10. Bxd7+ Kxd7 11. Qa4+ Ke7 12. Bg5+ f6 13. Bh4 g5 14. Bg3 Qe8 15. Qxe8+ Kxe8 16. h3 d5 17. hxg4 Kf7 18. exd5 Re8 19. dxe6+ Rxe6 20. Rd7+ Kg6 21. Rxb7 Bc5 22. f3 Rd8 23. Rd1 Be3+ 24. Kb1 Rxd1+ 25. Nxd1 Bd4 26. c3 Bg1 27. Rxa7 Bxa7 28. Bf2 Bxf2 29. Nxf2 Re2 30. Ne4 Re1+ 31. Kc2 Re2+ 32. Kb3 Rxg2 33. a4 f5 34. gxf5+ Kxf5 35. a5 Rg1 36. a6 Ra1 37. Nc5 Rd1 38. a7 Ra1 39. Na4 Ke5 40. a8=Q Rxa4 41. Qxa4 h5 42. Qe4+ Kd6 43. Qg6+ Ke7 44. Qxg5+ Kf8 45. Qxh5 Kg8 46. Qg5+ Kh7 47. f4 Kh8 48. f5 Kh7 49. f6 Kh8 50. f7 Kh7 51. Qg8+ Kh6 52. f8=Q+ Kh5 53. Qf5+ Kh6 54. Qgg6#",1-0,lichess_200k_bins_16layers_ckpt_with_optimizer.pt,Stockfish 0,,0.1,1,0,0,0,54,54,False,False,False,False,lichess_200k_bins_16layers_ckpt_with_optimizer.pt vs. Stockfish 0,54,49.36856555938721,54,0
1762753856-9739,"[White ""Magnus Carlsen""]
[Black ""Stockfish""]

1. e4 d6 2. d4 e5 3. dxe5 dxe5 4. Qxd8+ Kxd8 5. Nf3 Nc6 6. Bb5 Nge7 7. O-O Ng6 8. Rd1+ Bd6 9. Nc3 f6 10. Nd5 Bd7 11. c4 Kc8 12. Be3 Nf4 13. Bxf4 a6 14. Bxc6 Bxc6 15. Be3 Kd7 16. c5 Be7 17. Nxe7+ Ke6 18. Nxc6 g5 19. Nb4 a5 20. Nd3 Rad8 21. c6 g4 22. Nh4 h6 23. Nf5 Rxd3 24. Rxd3 bxc6 25. Rc1 Kf7 26. Rxc6 Kg8 27. Rxc7 g3 28. Rd8+",1-0,lichess_200k_bins_16layers_ckpt_with_optimizer.pt,Stockfish 0,,0.1,1,0,2,0,27,28,False,False,False,False,lichess_200k_bins_16layers_ckpt_with_optimizer.pt vs. Stockfish 0,28,14.455391645431519,28,0
1762768734-9835,"[White ""Magnus Carlsen""]
[Black ""Stockfish""]

1. e4 g6 2. d4 d5 3. e5 c6 4. Nf3 Nh6 5. Bd3 Bg7 6. O-O Bg4 7. h3 Bf5 8. Bxf5 Nxf5 9. Nc3 Qd7 10. Bf4 O-O 11. Qd2 Na6 12. a3 f6 13. Rfe1 g5 14. Bh2 Rae8 15. e6 Qd8 16. Qd3 Nh6 17. Ne2 Qb6 18. b4 Nc7 19. Ng3 g4 20. hxg4 Kh8 21. Nh5 Qa6 22. Qxa6 bxa6 23. Bxc7 Ra8 24. Nxg7 a5 25. g5 fxg5 26. Nxg5 axb4 27. axb4 Kxg7 28. Be5+ Kg6 29. Nf3 Ng4 30. Bg3 Rfd8 31. Ne5+ Kg5 32. Nxc6 Rh8 33. Nxe7 a5 34. bxa5 Ra7 35. Nxd5 Ra6 36. e7 Raa8 37. Nc7 Rhd8 38. exd8=Q+ Kf5 39. Qxa8 Ne5 40. Bxe5 h6 41. Qf8+ Kg6 42. Qf6+ Kh5 43. Qf5+ Kh4 44. g3#",1-0,lichess_200k_bins_16layers_ckpt_with_optimizer.pt,Stockfish 0,,0.1,1,0,0,0,44,44,False,False,False,False,lichess_200k_bins_16layers_ckpt_with_optimizer.pt vs. Stockfish 0,44,14877.771229982376,44,0
1762768769-2619,"[White ""Magnus Carlsen""]
[Black ""Stockfish""]

1. e4 e6 2. d4 d5 3. e5 Bd7 4. Nf3 Ne7 5. Bd3 c5 6. c3 cxd4 7. cxd4 a6 8. O-O Qb6 9. Nc3 h6 10. a3 Nbc6 11. Bc2 Rc8 12. Qd3 g6 13. b4 g5 14. Na4 Qa7 15. Nc5 Nf5 16. Bb2 Rc7 17. Rac1 g4 18. Nd2 h5 19. Ndb3 Bh6 20. Rcd1 Bc8 21. Bb1 Nce7 22. Bc1 h4 23. Bxh6 Nxh6 24. Qe3 Nef5 25. Qg5 h3 26. g3 Rg8 27. Qf6 Rg6 28. Qh8+ Rg8 29. Qf6 Qb8 30. Bxf5 Nxf5 31. Rfe1 Rg6 32. Qh8+ Ke7 33. Qh5 b6 34. Nd3 Rc3 35. Nf4 Rg7 36. Nxd5+ exd5 37. e6 Bxe6 38. Qxf5 Qg8 39. Qxd5 Rg5 40. Qb7+ Kf6 41. d5 Qc8 42. Qxb6 Rxd5 43. Rxd5 Kg6 44. Rde5 Qa8 45. Rxe6+ Kh7 46. Rh6+ Kg8 47. Qf6 Qg2#",0-1,lichess_200k_bins_16layers_ckpt_with_optimizer.pt,Stockfish 0,,0.1,0,1,0,0,47,47,False,False,False,False,lichess_200k_bins_16layers_ckpt_with_optimizer.pt vs. Stockfish 0,48,35.53281331062317,47,0
1762768782-5262,"[White ""Magnus Carlsen""]
[Black ""Stockfish""]

1. e4 c5 2. Nf3 d6 3. d4 Nf6 4. Nc3 Nfd7 5. Be3 Nc6 6. d5 Na5 7. Bb5 b6 8. O-O g6 9. Qd2 h6 10. Ne2 Bg7 11. c3 a6 12. Bd3 Nf6 13. b4 c4 14. Bc2 Nxe4 15. Bxe4 Bf5 16. Bxf5 b5 17. Bc2 Nb3 18. axb3 f5 19. bxc4 a5 20. bxa5 bxc4 21. Ba4+ Kf8 22. Bd4 Rxa5 23. Bxg7+ Kf7 24. Bxh8 Ra8 25. Bd4 Qh8 26. Bxh8 Rxa4 27. Rxa4 e5 28. Ra7+ Kg8 29. Qxh6 g5 30. Qg7+",1-0,lichess_200k_bins_16layers_ckpt_with_optimizer.pt,Stockfish 0,,0.1,1,0,0,0,30,30,False,False,False,False,lichess_200k_bins_16layers_ckpt_with_optimizer.pt vs. Stockfish 0,30,13.12749433517456,30,0
1762768812-1018,"[White ""Magnus Carlsen""]
[Black ""Stockfish""]

1. e4 e5 2. Nf3 Nc6 3. Bc4 d6 4. d3 Bg4 5. h3 Be6 6. Bxe6 fxe6 7. Ng5 Qf6 8. Qf3 Qg6 9. Nc3 h6 10. Nb5 hxg5 11. Nxc7+ Kd7 12. Nxa8 Nf6 13. Be3 Qe8 14. Bxg5 Nh5 15. g4 Nd4 16. Qd1 Nf4 17. Bxf4 exf4 18. c3 Nb5 19. Qa4 Ke7 20. c4 Qb8 21. cxb5 Kf6 22. b6 g5 23. bxa7 Qd8 24. Nb6 Qxb6 25. a8=Q Qc7 26. Q8a7 d5 27. Qxb7 Qc5 28. Qaa7 Qc2 29. Qf7+ Ke5 30. Qac7+ Kd4 31. Qxc2 Bb4+ 32. Ke2 f3+ 33. Kxf3 Rf8 34. Qxf8 Be7 35. Qxe7 dxe4+ 36. dxe4 Ke5 37. Qxg5+ Kd6 38. Qcc5+ Kd7 39. Qg7+ Kd8 40. Qcf8#",1-0,lichess_200k_bins_16layers_ckpt_with_optimizer.pt,Stockfish 0,,0.1,1,0,5,0,38,40,False,False,False,False,lichess_200k_bins_16layers_ckpt_with_optimizer.pt vs. Stockfish 0,40,29.69557476043701,40,0
1762768820-4274,"[White ""Magnus Carlsen""]
[Black ""Stockfish""]

1. e4 e6 2. d4 h6 3. Nf3 d5 4. e5 Ne7 5. Bd3 c5 6. c3 Nec6 7. O-O b6 8. Be3 a5 9. Nbd2 cxd4 10. cxd4 Ba6 11. Bxa6 Nxa6 12. a3 Qd7 13. Rc1 Rc8 14. Qe2 Nab8 15. Qb5 Nd8 16. Qxb6 Ndc6 17. Nb3 Qc7 18. Qxc7 a4 19. Qxc8+ Ke7 20. Nc5 Na5 21. Qxb8 Nb3 22. Nxb3 f5 23. Rc7+",1-0,lichess_200k_bins_16layers_ckpt_with_optimizer.pt,Stockfish 0,,0.1,1,0,0,0,23,23,False,False,False,False,lichess_200k_bins_16layers_ckpt_with_optimizer.pt vs. Stockfish 0,23,8.045210838317871,23,0
1762768834-9251,"[White ""Magnus Carlsen""]
[Black ""Stockfish""]

1. e4 e5 2. Nf3 Nc6 3. Bc4 d6 4. d3 Nf6 5. Ng5 h6 6. Nxf7 Bg4 7. f3 Bxf3 8. Qxf3 Nd4 9. Qd1 Nxc2+ 10. Qxc2 d5 11. Nxd8 dxc4 12. Ne6 Bb4+ 13. Bd2 cxd3 14. Qxd3 c6 15. Bxb4 Nd5 16. exd5 c5 17. Bxc5 Rf8 18. Nxf8 Rc8 19. Qb5+ Rc6 20. Qxb7 Rxc5 21. Qd7+ Kxf8 22. Qd6+ Kg8 23. Qxc5 g6 24. Qxa7 e4 25. d6 e3 26. d7 Kf7 27. d8=Q+ Ke6 28. Qa6+ Kf5 29. Qd5+ Kf4 30. Qa4+",1-0,lichess_200k_bins_16layers_ckpt_with_optimizer.pt,Stockfish 0,,0.1,1,0,0,0,30,30,False,False,False,False,lichess_200k_bins_16layers_ckpt_with_optimizer.pt vs. Stockfish 0,30,14.017957210540771,30,0
1762768871-8913,"[White ""Magnus Carlsen""]
[Black ""Stockfish""]

1. e4 e5 2. Nf3 Nf6 3. Nc3 d6 4. Bc4 Be7 5. d3 Bg4 6. h3 Bxf3 7. Qxf3 Nbd7 8. Bg5 O-O 9. O-O-O Nc5 10. Bxf6 gxf6 11. Qg4+ Kh8 12. h4 c6 13. h5 b5 14. Bb3 h6 15. Qf5 Nxb3+ 16. axb3 Qc8 17. Qf3 b4 18. Ne2 a5 19. g4 a4 20. bxa4 c5 21. b3 Qa6 22. Kd2 Qc8 23. Ra1 Ra5 24. Ng3 Rd8 25. Nf5 Qc7 26. Nxh6 Raa8 27. Nxf7+ Kg7 28. Nxd8 Bxd8 29. h6+ Kh7 30. Qf5+ Kh8 31. h7 c4 32. dxc4 Be7 33. Qe6 Rd8 34. Qf7 Qc5 35. Qxe7 Qd4+ 36. Ke2 Qxe4+ 37. Kf1 Qxh1+ 38. Ke2 Qe4+ 39. Kf1 Qh1+ 40. Ke2 Qxa1 41. Qxd8+ Kxh7 42. Qxf6 Qd4 43. Qf5+ Kh8 44. g5 Qc3 45. g6 Kg8 46. Qf7+ Kh8 47. Qh7#",1-0,lichess_200k_bins_16layers_ckpt_with_optimizer.pt,Stockfish 0,,0.1,1,0,0,0,47,47,False,False,False,False,lichess_200k_bins_16layers_ckpt_with_optimizer.pt vs. Stockfish 0,47,36.68066167831421,47,0
1762768897-2519,"[White ""Magnus Carlsen""]
[Black ""Stockfish""]

1. e4 e5 2. Nf3 Nc6 3. Bc4 d6 4. d3 Na5 5. Bb3 c6 6. Ng5 d5 7. exd5 cxd5 8. Qf3 Bb4+ 9. c3 Qe7 10. Bxd5 Be6 11. Bxe6 f6 12. Bf7+ Kf8 13. cxb4 Nc6 14. Bd5 Nd4 15. Qd1 Re8 16. Nf7 e4 17. Nxh8 Qxb4+ 18. Bd2 exd3+ 19. Kf1 Qb5 20. Nc3 Qb6 21. Be3 Nh6 22. Qxd3 Rxe3 23. fxe3 Nc2 24. Qxc2 Ng4 25. Qe2 Qxe3 26. Qxe3 b5 27. Qc5+ Ke8 28. Qxb5+ Kf8 29. Qb8+ Ke7 30. Qxa7+ Kd8 31. Qxg7 Nxh2+ 32. Rxh2 f5 33. Rxh7 Kc8 34. Qg8#",1-0,lichess_200k_bins_16layers_ckpt_with_optimizer.pt,Stockfish 0,,0.1,1,0,0,0,34,34,False,False,False,False,lichess_200k_bins_16layers_ckpt_with_optimizer.pt vs. Stockfish 0,34,26.499878644943237,34,0
1762768948-8834,"[White ""Magnus Carlsen""]
[Black ""Stockfish""]

1. e4 Nc6 2. Nf3 d6 3. d4 g6 4. Bc4 Bg7 5. O-O Nf6 6. Re1 e6 7. Nc3 Nd7 8. Bg5 f6 9. Be3 Nb6 10. Bb3 Na5 11. Qd2 Nxb3 12. axb3 Qe7 13. Bh6 Bd7 14. Bxg7 Qxg7 15. e5 g5 16. exf6 Qh6 17. Qxg5 Qg6 18. Qxg6+ hxg6 19. Ng5 O-O 20. Nxe6 Rfe8 21. Nxc7 Rxe1+ 22. Rxe1 Rc8 23. N7d5 Bc6 24. Ne7+ Kf8 25. Nxc8 Nd7 26. Nxd6 Nxf6 27. Nde4 Ng4 28. h3 Nxf2 29. Kxf2 Ke8 30. Ke3 Kd7 31. Rf1 Bxe4 32. Rf7+ Ke8 33. Nxe4 Kxf7 34. Nd6+ Kg7 35. Nxb7 Kh7 36. Nc5 Kg7 37. Na6 Kf8 38. Nc7 Ke7 39. Nb5 Kd8 40. Nxa7 g5 41. Nb5 g4 42. Nc3 gxh3 43. gxh3 Ke8 44. h4 Kd7 45. h5 Ke6 46. h6 Kf5 47. h7 Kg6 48. h8=Q Kf7 49. Qe5 Kg8 50. d5 Kf7 51. d6 Kg6 52. d7 Kf7 53. d8=Q Kg6 54. Qdd6+ Kf7 55. Qee7+ Kg8 56. Qdd8#",1-0,lichess_200k_bins_16layers_ckpt_with_optimizer.pt,Stockfish 0,,0.1,1,0,0,0,56,56,False,False,False,False,lichess_200k_bins_16layers_ckpt_with_optimizer.pt vs. Stockfish 0,56,50.489959955215454,56,0
1762768976-4455,"[White ""Magnus Carlsen""]
[Black ""Stockfish""]

1. e4 e5 2. Nf3 Nc6 3. Bc4 Rb8 4. d3 b5 5. Bb3 Bc5 6. Ng5 Nh6 7. Qf3 Qf6 8. Qxf6 gxf6 9. Nf3 Ng4 10. O-O a5 11. a3 Ba7 12. h3 a4 13. Ba2 Bxf2+ 14. Rxf2 b4 15. Rf1 b3 16. cxb3 Nd4 17. Nxd4 c5 18. Nf5 d6 19. Nxd6+ Ke7 20. Nxc8+ Rhxc8 21. hxg4 Rb7 22. bxa4 Rh8 23. Nc3 c4 24. Nd5+ Kd6 25. Nxf6 Ra7 26. Bxc4 Raa8 27. Bd5 Raf8 28. Be3 Ke7 29. Bc5+ Kd8 30. Bxf8 Kc8 31. Bc5 h6 32. Rac1 Rd8 33. Be7+ Kb8 34. Bxd8 h5 35. Rc7 hxg4 36. Rfc1 g3 37. Rc8+ Ka7 38. R1c7+ Kb6 39. Rc6+ Kb7 40. R8c7+ Ka8 41. Ra6+ Kb8 42. Ra8#",1-0,lichess_200k_bins_16layers_ckpt_with_optimizer.pt,Stockfish 0,,0.1,1,0,0,0,42,42,False,False,False,False,lichess_200k_bins_16layers_ckpt_with_optimizer.pt vs. Stockfish 0,42,28.369521379470825,42,0
1762768998-7650,"[White ""Magnus Carlsen""]
[Black ""Stockfish""]

1. e4 e6 2. d4 d5 3. e5 c5 4. c3 cxd4 5. cxd4 Ne7 6. Nf3 Qb6 7. Bd3 Nec6 8. O-O Bd7 9. Nc3 Nxd4 10. Nxd4 Qxd4 11. Re1 Nc6 12. Nb5 Qc5 13. Nc7+ Ke7 14. Nxa8 a5 15. Be3 Nd4 16. Rc1 Kd8 17. Rxc5 Bxc5 18. Bxd4 Bb4 19. Bc3 h5 20. Bxb4 Ke8 21. Bxa5 h4 22. Nc7+ Ke7 23. Bb4+ Kd8 24. Nb5 Kc8 25. Qc2+ Bc6 26. Na7+ Kd7 27. Nxc6 bxc6 28. Ba6 Rg8 29. Qc5 f6 30. Qd6+ Ke8 31. Qxe6+ Kd8 32. Qxg8+ Kd7 33. Qxg7+ Ke6 34. Qxf6+ Kd7 35. Qd6+ Ke8 36. Qe7#",1-0,lichess_200k_bins_16layers_ckpt_with_optimizer.pt,Stockfish 0,,0.1,1,0,0,0,36,36,False,False,False,False,lichess_200k_bins_16layers_ckpt_with_optimizer.pt vs. Stockfish 0,36,21.790597438812256,36,0
1762769016-6468,"[White ""Magnus Carlsen""]
[Black ""Stockfish""]

1. e4 e6 2. d4 a6 3. Nf3 d5 4. e5 h5 5. Bd3 Bd7 6. O-O Nc6 7. c3 Nh6 8. Bg5 Be7 9. Bxe7 Kxe7 10. Nbd2 a5 11. Nb3 Kf8 12. Nc5 b6 13. Nxd7+ Qxd7 14. Bb5 g6 15. Qd2 Kg7 16. Qg5 Qc8 17. Bxc6 Qa6 18. Qf6+ Kg8 19. Bxa8 Nf5 20. Ng5 Rh7 21. Nxh7 Kxh7 22. Qxf7+ Ng7 23. Bc6 Qc4 24. Be8 b5 25. Qxg6+ Kh8 26. Qh6+ Kg8 27. Bg6 Qe2 28. Qh7+ Kf8 29. Qh8+ Ke7 30. Qxg7+ Kd8 31. Qf8+ Kd7 32. Qe8+",1-0,lichess_200k_bins_16layers_ckpt_with_optimizer.pt,Stockfish 0,,0.1,1,0,0,0,32,32,False,False,False,False,lichess_200k_bins_16layers_ckpt_with_optimizer.pt vs. Stockfish 0,32,17.80531072616577,32,0
1762769069-1504,"[White ""Magnus Carlsen""]
[Black ""Stockfish""]

1. e4 d6 2. d4 e5 3. dxe5 dxe5 4. Qxd8+ Kxd8 5. Nf3 Nc6 6. Bb5 Nd4 7. Nxd4 Nf6 8. Nf3 Bb4+ 9. c3 a6 10. Bd3 Be7 11. Nxe5 Re8 12. Nxf7+ Kd7 13. Ne5+ Kd6 14. Nc4+ Kd7 15. O-O Kc6 16. Ne5+ Kb6 17. Be3+ c5 18. b4 Ng4 19. Nxg4 Ka7 20. bxc5 Bxg4 21. c6+ b6 22. c7 Bf6 23. f3 Be6 24. Na3 Rec8 25. Rab1 Be7 26. Bxb6+ Kb7 27. Ba5+ Ka7 28. Bb6+ Kb7 29. Ba5+ Bb3 30. Rxb3+ Kc6 31. Rb6+ Kc5 32. Rxa6 Rxa6 33. Bxa6 Kc6 34. Bxc8 Bc5+ 35. Kh1 Kd6 36. Bb7 Bxa3 37. c8=Q Ke7 38. Qc7+ Kf8 39. Qd8+ Kf7 40. Bd5+ Kg6 41. Qe8+ Kg5 42. Qe5+ Kh6 43. Bd8 Be7 44. Qxe7 g6 45. Qg5+ Kg7 46. Bf6+ Kf8 47. Qh6+ Ke8 48. Qxh7 Kf8 49. Qf7#",1-0,lichess_200k_bins_16layers_ckpt_with_optimizer.pt,Stockfish 0,,0.1,1,0,0,0,49,49,False,False,False,False,lichess_200k_bins_16layers_ckpt_with_optimizer.pt vs. Stockfish 0,49,53.4084095954895,49,0
1762769089-8762,"[White ""Magnus Carlsen""]
[Black ""Stockfish""]

1. e4 e6 2. d4 b6 3. Nc3 Bb4 4. Bd2 d5 5. e5 c5 6. Nf3 a6 7. a3 cxd4 8. Nxd4 Bc5 9. Be3 Ne7 10. Bd3 O-O 11. O-O Ng6 12. f4 Qc7 13. Qh5 Bxd4 14. Bxd4 Nc6 15. Bf2 Bd7 16. Rae1 f5 17. exf6 Rf7 18. fxg7 Rxg7 19. Bg3 Nge7 20. f5 e5 21. f6 Bg4 22. Qh4 Ng6 23. Qxg4 Nce7 24. fxg7 Nf4 25. Bxf4 exf4 26. Qe6+ Kxg7 27. Qxe7+ Kh8 28. Qxc7 a5 29. Re7 Rf8 30. Rxh7+ Kg8 31. Rg7+ Kh8 32. Rh7+ Kg8 33. Qg7+",1-0,lichess_200k_bins_16layers_ckpt_with_optimizer.pt,Stockfish 0,,0.1,1,0,0,0,33,33,False,False,False,False,lichess_200k_bins_16layers_ckpt_with_optimizer.pt vs. Stockfish 0,33,20.116146564483643,33,0
1762769169-2315,"[White ""Magnus Carlsen""]
[Black ""Stockfish""]

1. e4 e5 2. Nf3 Nf6 3. Nc3 Nc6 4. Bc4 Bb4 5. d3 Bxc3+ 6. bxc3 O-O 7. Bg5 d6 8. h3 a6 9. O-O h6 10. Bh4 Na5 11. Bb3 Kh7 12. Qd2 c5 13. Nh2 g5 14. Bg3 Nh5 15. Ng4 c4 16. dxc4 Qc7 17. Qe2 Be6 18. Nxe5 Nxg3 19. fxg3 dxe5 20. Rf6 Rad8 21. Raf1 Rg8 22. Qh5 Rg6 23. Rxg6 fxg6 24. Qf3 Qe7 25. Qe3 Rd7 26. c5 Bg8 27. Bxg8+ Kxg8 28. Qf3 Rd8 29. Qf6 Qxf6 30. Rxf6 Rf8 31. Rxg6+ Kh7 32. Re6 Nc6 33. Rd6 Kg7 34. Rd7+ Rf7 35. Rd6 Rc7 36. Rd5 Na5 37. Rxe5 Nc6 38. Rd5 Kf6 39. Kf2 Ne5 40. Ke3 Nf7 41. Kd4 Re7 42. c4 h5 43. g4 hxg4 44. hxg4 Kg6 45. e5 Kg7 46. Ke4 Kg6 47. Rd6+ Kg7 48. Rd5 a5 49. a4 Kh6 50. Kf5 Rc7 51. e6 Nh8 52. Rd7 Rxc5+ 53. Kf6 Ng6 54. e7 Nxe7 55. Rxe7 b6 56. Re6 Rxc4 57. Rxb6 Rxa4 58. Rb8 Rf4+ 59. Ke5 Kg7 60. Rb7+ Kh6 61. Rb6+ Kg7 62. Rb7+ Kg8 63. Rb8+ Kg7 64. Rb7+ Kg8 65. Rb8+ Kg7 66. Rb7+ Kg6 67. Rb6+ Kf7 68. Rb7+ Kg6 69. Rb6+ Kh7 70. Rb7+ Kg8 71. Rb8+ Kh7 72. Rb7+ Kg6 73. Rb6+ Kg7 74. Rb7+",1/2-1/2,lichess_200k_bins_16layers_ckpt_with_optimizer.pt,Stockfish 0,,0.1,1/2,1/2,0,0,74,74,False,False,False,False,lichess_200k_bins_16layers_ckpt_with_optimizer.pt vs. Stockfish 0,74,79.80854201316833,74,0
1762769196-7156,"[White ""Magnus Carlsen""]
[Black ""Stockfish""]

1. e4 e5 2. Nf3 Nf6 3. Nc3 d5 4. exd5 Bb4 5. Bc4 Nbd7 6. O-O Bxc3 7. dxc3 e4 8. Nd4 Ne5 9. Bb3 O-O 10. Bg5 a5 11. a4 c5 12. dxc6 Bg4 13. Qd2 Nf3+ 14. gxf3 exf3 15. Qf4 b6 16. Bxf6 Qxf6 17. Qxf6 gxf6 18. Kh1 f5 19. Rg1 Kh8 20. Rg3 Rg8 21. Rag1 Rae8 22. h3 f4 23. Rxg4 Rxg4 24. hxg4 Kg7 25. Nxf3 h6 26. Nd4 Kh8 27. f3 Kg8 28. Kg2 Kf8 29. Kf2 Re5 30. Re1 Re3 31. Rxe3 fxe3+ 32. Kxe3 Ke8 33. Ke4 b5 34. Kf5 b4 35. cxb4 axb4 36. c7 f6 37. c8=Q+ Ke7 38. Qe6+ Kd8 39. Qf7 Kc8 40. Nc6 h5 41. Be6+",1-0,lichess_200k_bins_16layers_ckpt_with_optimizer.pt,Stockfish 0,,0.1,1,0,0,0,41,41,False,False,False,False,lichess_200k_bins_16layers_ckpt_with_optimizer.pt vs. Stockfish 0,41,27.09661364555359,41,0
1762769219-3499,"[White ""Magnus Carlsen""]
[Black ""Stockfish""]

1. e4 c6 2. d4 a5 3. Nf3 Nf6 4. Nc3 d5 5. e5 Nfd7 6. Bd3 Na6 7. O-O Nc7 8. Bf4 b5 9. a3 Ba6 10. Re1 Ne6 11. Bg3 Qb6 12. Ne2 g5 13. h3 Bh6 14. c3 Bc8 15. Qc2 c5 16. Bxh7 Bb7 17. Bf5 a4 18. Bxe6 O-O 19. Bxd7 e6 20. dxc5 Qxc5 21. Ned4 g4 22. hxg4 Ra5 23. g5 Kh8 24. gxh6 Qc7 25. Bxb5 Rxb5 26. Nxb5 Rg8 27. Nxc7 Bc6 28. Nd4 Be8 29. Nxe8 Rg6 30. Nf6 Rxf6 31. exf6 Kg8 32. Qxa4 e5 33. Qe8+ Kh7 34. Qxf7+ Kh8 35. Qg7#",1-0,lichess_200k_bins_16layers_ckpt_with_optimizer.pt,Stockfish 0,,0.1,1,0,0,0,35,35,False,False,False,False,lichess_200k_bins_16layers_ckpt_with_optimizer.pt vs. Stockfish 0,35,22.800746202468872,35,0
1762769242-8928,"[White ""Magnus Carlsen""]
[Black ""Stockfish""]

1. e4 e6 2. d4 d5 3. e5 a6 4. Nf3 Bd7 5. Bd3 Bb5 6. O-O h6 7. Nc3 c6 8. Nxb5 Nd7 9. Nd6+ Bxd6 10. exd6 Nb6 11. Bf4 Nf6 12. Ne5 Nc4 13. Bxc4 c5 14. dxc5 dxc4 15. Nxc4 g5 16. Be5 Rg8 17. Bxf6 Qxf6 18. d7+ Kf8 19. Nb6 g4 20. Nxa8 Kg7 21. Nb6 Qf4 22. d8=Q Rxd8 23. Qxd8 Qe4 24. Rae1 Qxg2+ 25. Kxg2 e5 26. Rxe5 f6 27. Re7+ Kg6 28. Qg8+ Kf5 29. Qh7+ Kf4 30. Qxh6+ Kf5 31. Qh5+ Kf4 32. Nd5+",1-0,lichess_200k_bins_16layers_ckpt_with_optimizer.pt,Stockfish 0,,0.1,1,0,0,0,32,32,False,False,False,False,lichess_200k_bins_16layers_ckpt_with_optimizer.pt vs. Stockfish 0,32,23.358800888061523,32,0
1762769250-8802,"[White ""Magnus Carlsen""]
[Black ""Stockfish""]

1. e4 d5 2. exd5 e5 3. Nc3 c6 4. dxc6 Nxc6 5. Bb5 Be7 6. Nf3 f6 7. O-O a6 8. Bxc6+ Bd7 9. Bxd7+ Kf8 10. Be6 Nh6 11. d4 exd4 12. Nxd4 Qxd4 13. Qxd4 Rc8 14. Bxc8 Nf7 15. Be6 Ng5 16. Bxg5 Bd6 17. Qxd6+ Ke8 18. Qd7+ Kf8 19. Qd8+",1-0,lichess_200k_bins_16layers_ckpt_with_optimizer.pt,Stockfish 0,,0.1,1,0,0,0,19,19,False,False,False,False,lichess_200k_bins_16layers_ckpt_with_optimizer.pt vs. Stockfish 0,19,7.730872631072998,19,0
1762769346-6153,"[White ""Magnus Carlsen""]
[Black ""Stockfish""]

1. e4 e6 2. d4 Be7 3. Nc3 c6 4. Nf3 d6 5. Bd3 a6 6. O-O c5 7. dxc5 Nd7 8. cxd6 Bxd6 9. e5 Bxe5 10. Nxe5 Nxe5 11. Bf4 Ng6 12. Bg3 N8e7 13. Qf3 Qb6 14. Rab1 e5 15. Rfe1 f6 16. Nd5 Nxd5 17. Qxd5 Qc6 18. Qb3 Be6 19. Qa3 Qb6 20. Bxg6+ hxg6 21. Rbd1 Rd8 22. Rxd8+ Qxd8 23. Qa4+ Ke7 24. Qb4+ Qd6 25. Qxb7+ Bd7 26. Qe4 Bf5 27. Qe2 Kf7 28. Rd1 Qc6 29. Qd2 Qc4 30. Qd5+ Qxd5 31. Rxd5 g5 32. Rd6 Rc8 33. c3 Rb8 34. b3 g4 35. f3 gxf3 36. gxf3 Rc8 37. c4 g5 38. Rxa6 Ke7 39. Ra7+ Ke6 40. Ra6+ Ke7 41. Ra7+ Kd6 42. Ra6+ Rc6 43. Rxc6+ Kxc6 44. Kf2 Bc2 45. Ke3 Kd7 46. Kd2 Bg6 47. Kc3 Bh5 48. f4 gxf4 49. Bf2 Bg4 50. a4 Kd8 51. a5 Bd7 52. b4 Bh3 53. b5 Bc8 54. a6 Kc7 55. b6+ Kc6 56. b7 Bxb7 57. axb7 Kxb7 58. Kd3 Kc7 59. Ke4 Kd7 60. Kf5 Kd6 61. Kxf6 f3 62. Kf5 Ke7 63. Kxe5 Kd7 64. Kf4 Kc6 65. Kxf3 Kd7 66. Ke4 Kc6 67. Kd4 Kd7 68. Kd5 Ke7 69. c5 Kd7 70. c6+ Ke8 71. Kd6 Kf8 72. c7 Kf7 73. c8=Q Kg7 74. Qe6 Kf8 75. Qe7+ Kg8 76. Ke6 Kh8 77. Kf6 Kg8 78. Qg7#",1-0,lichess_200k_bins_16layers_ckpt_with_optimizer.pt,Stockfish 0,,0.1,1,0,0,0,78,78,False,False,False,False,lichess_200k_bins_16layers_ckpt_with_optimizer.pt vs. Stockfish 0,78,96.38204741477966,78,0
1762769474-5629,"[White ""Magnus Carlsen""]
[Black ""Stockfish""]

1. e4 e5 2. Nf3 d6 3. Bc4 Nf6 4. Ng5 d5 5. exd5 Be7 6. d6 cxd6 7. Nxf7 Qc7 8. Nxh8 Qxc4 9. d3 Qg8 10. Ng6 hxg6 11. O-O Kf8 12. Nc3 Bd7 13. Bg5 Qf7 14. Bxf6 gxf6 15. Nd5 Qxd5 16. c4 Qe6 17. Qf3 Bc6 18. Qg3 f5 19. Rae1 Qf7 20. f4 Nd7 21. fxe5 Nxe5 22. d4 Nxc4 23. b3 Ne3 24. Rxe3 Rd8 25. Ref3 Bd5 26. Rxf5 gxf5 27. Qh3 Be4 28. Qh8+ Qg8 29. Qxg8+ Kxg8 30. Rf4 Bf6 31. Rxe4 d5 32. Re6 Bxd4+ 33. Kf1 Bg7 34. Rg6 Kf8 35. Rg5 Kf7 36. Rxf5+ Kg8 37. Rg5 Kf8 38. Rf5+ Ke8 39. Rg5 Kf8 40. Rf5+ Ke7 41. Rg5 Bh8 42. Rg7+ Ke6 43. Rg6+ Ke7 44. Rg5 Kf7 45. Rg4 b5 46. Rf4+ Kg6 47. Rg4+ Kf7 48. Rf4+ Ke6 49. Rg4 Bf6 50. Rg6 Ke5 51. Rg4 Rf8 52. Rg3 a6 53. Re3+ Kd6 54. Rf3 Bg7 55. Rxf8 Bxf8 56. g4 Kc5 57. h4 Bg7 58. h5 Bh6 59. g5 Bf8 60. h6 Kd4 61. h7 Bg7 62. g6 Kd3 63. h8=Q Bxh8 64. g7 Bxg7 65. Kf2 Bd4+ 66. Kf3 Bc3 67. Kf4 Bg7 68. Kf5 Ke2 69. Ke6 d4 70. Kd5 b4 71. Kc4 d3 72. Kxb4 Kf2 73. Kc4 Ke3 74. Kd5 Bf6 75. Kc6 Bd4 76. Kb7 d2 77. Kxa6 Be5 78. Kb5 Bd4 79. Kc4 Bg7 80. Kb5 d1=Q 81. Ka4 Bb2 82. Kb4 Qd7 83. Kc4 Qc6+ 84. Kb4 Bc3+ 85. Ka3 Qa6#",0-1,lichess_200k_bins_16layers_ckpt_with_optimizer.pt,Stockfish 0,,0.1,0,1,0,0,85,85,False,False,False,False,lichess_200k_bins_16layers_ckpt_with_optimizer.pt vs. Stockfish 0,86,128.1083402633667,85,0
1762769493-8561,"[White ""Magnus Carlsen""]
[Black ""Stockfish""]

1. e4 c5 2. Nf3 d6 3. d4 Bd7 4. dxc5 Nc6 5. cxd6 Bg4 6. dxe7 Qxe7 7. Be2 Rd8 8. Bd2 f5 9. exf5 Nh6 10. O-O Qc7 11. Re1 Bxf5 12. Bd3+ Be7 13. Bxf5 Rxd2 14. Qxd2 Nxf5 15. Nc3 Qc8 16. Nd5 Qd8 17. Nxe7 Nfxe7 18. Qxd8+ Kxd8 19. Rad1+ Kc7 20. Ne5 Rd8 21. Nxc6 Nxc6 22. Rxd8 b5 23. Red1 g6 24. R8d7+ Kb6 25. Rxh7 Nd4 26. Rxd4 Kc6 27. Rg4 Kd6 28. Rxg6+ Ke5 29. Rh5+ Kf4 30. Rxb5 a6 31. Rxa6 Ke4 32. Ra4#",1-0,lichess_200k_bins_16layers_ckpt_with_optimizer.pt,Stockfish 0,,0.1,1,0,0,0,32,32,False,False,False,False,lichess_200k_bins_16layers_ckpt_with_optimizer.pt vs. Stockfish 0,32,18.76546621322632,32,0
1762769508-7962,"[White ""Magnus Carlsen""]
[Black ""Stockfish""]

1. e4 e6 2. d4 d5 3. e5 c5 4. c3 Nc6 5. Nf3 Nge7 6. Bd3 Ng6 7. O-O a6 8. Be3 cxd4 9. cxd4 f5 10. exf6 Qc7 11. fxg7 Qxg7 12. Nc3 Rg8 13. g3 Rh8 14. Re1 Bd6 15. Bg5 h6 16. Be3 Rg8 17. Bxh6 Qxh6 18. Nxd5 Nh4 19. Nxh4 Kd8 20. Nb6 Bxg3 21. hxg3 Rh8 22. Nxa8 Ne7 23. Qc1 Qg7 24. Qc7+ Ke8 25. Nb6 Rxh4 26. Qxc8+ Kf7 27. Qxe6+ Kf8 28. Nd7+ Ke8 29. Nf6+ Kd8 30. Qd7+",1-0,lichess_200k_bins_16layers_ckpt_with_optimizer.pt,Stockfish 0,,0.1,1,0,0,0,30,30,False,False,False,False,lichess_200k_bins_16layers_ckpt_with_optimizer.pt vs. Stockfish 0,30,14.533482551574707,30,0
1762769518-4547,"[White ""Magnus Carlsen""]
[Black ""Stockfish""]

1. e4 d5 2. exd5 e6 3. dxe6 Bxe6 4. Nf3 Nf6 5. d4 c5 6. Bb5+ Nbd7 7. O-O Bd6 8. dxc5 Bc7 9. Bg5 Qb8 10. Bxf6 gxf6 11. Nc3 Kf8 12. Ne4 Kg7 13. Qd4 a6 14. Bxd7 Be5 15. Nxe5 Qc7 16. Ng4 Kf8 17. Qxf6 Rg8 18. Nh6 Rxg2+ 19. Kxg2 b6 20. Bxe6 b5 21. Qh8+ Ke7 22. Qxa8 Qa5 23. Qb7+ Qc7 24. Qxc7+ Kxe6 25. Qd6+",1-0,lichess_200k_bins_16layers_ckpt_with_optimizer.pt,Stockfish 0,,0.1,1,0,0,0,25,25,False,False,False,False,lichess_200k_bins_16layers_ckpt_with_optimizer.pt vs. Stockfish 0,25,10.61993956565857,25,0
1762769540-7472,"[White ""Magnus Carlsen""]
[Black ""Stockfish""]

1. e4 e5 2. Nf3 Nf6 3. Nc3 d6 4. Bc4 Bg4 5. h3 Bh5 6. g4 d5 7. exd5 e4 8. Ne5 Bg6 9. Nxg6 fxg6 10. d3 Bc5 11. dxe4 Qe7 12. Bg5 h6 13. Bxf6 Bxf2+ 14. Kxf2 Qxf6+ 15. Qf3 Rf8 16. Qxf6 Nc6 17. Qxf8+ Kxf8 18. dxc6 Ke8 19. cxb7 Ke7 20. bxa8=Q a6 21. Qxa6 h5 22. Qe6+ Kd8 23. Qxg6 hxg4 24. Qxg4 g6 25. Qxg6 c5 26. Qd6+ Ke8 27. Qxc5 Kd8 28. Qd6+ Ke8 29. Qe6+ Kd8 30. Rad1+ Kc7 31. Qd7+ Kb8 32. Qd8+ Kb7 33. Rd7+ Kc6 34. Qc7#",1-0,lichess_200k_bins_16layers_ckpt_with_optimizer.pt,Stockfish 0,,0.1,1,0,0,0,34,34,False,False,False,False,lichess_200k_bins_16layers_ckpt_with_optimizer.pt vs. Stockfish 0,34,21.523532152175903,34,0
1762769577-7008,"[White ""Magnus Carlsen""]
[Black ""Stockfish""]

1. e4 Nc6 2. Nf3 Nf6 3. Nc3 e5 4. Bc4 Bb4 5. d3 d6 6. Bd2 Bg4 7. h3 Bxf3 8. Qxf3 O-O 9. O-O Na5 10. Bb3 Nc6 11. a3 Ba5 12. Ba2 Kh8 13. b4 Nd4 14. Qd1 Bb6 15. Nd5 Ne6 16. Nxb6 Rc8 17. Nxc8 d5 18. Nxa7 Rg8 19. exd5 Nd4 20. c3 g5 21. cxd4 e4 22. dxe4 g4 23. hxg4 Nxe4 24. f3 Rg6 25. fxe4 Qh4 26. Rxf7 b5 27. Rxc7 Kg8 28. Rc8+ Kg7 29. Rc7+ Kf8 30. Rf7+ Kg8 31. Rf4 Rh6 32. d6+ Kh8 33. Rf8+ Kg7 34. Rf7+ Kg6 35. Rf6+ Qxf6 36. Bxh6 Kxh6 37. Qd2+ Kg7 38. Rf1 Qh4 39. Rf7+ Kg8 40. Rf4+ Kg7 41. Rf7+ Kg8 42. Rf4+ Kh8 43. Rf8+ Kg7 44. Rf7+ Kg8 45. Rf4+ Kg7 46. Rf7+ Kg8 47. Rf4+ Kg7 48. Rf7+",1/2-1/2,lichess_200k_bins_16layers_ckpt_with_optimizer.pt,Stockfish 0,,0.1,1/2,1/2,0,0,48,48,False,False,False,False,lichess_200k_bins_16layers_ckpt_with_optimizer.pt vs. Stockfish 0,48,37.621174573898315,48,0
1762769687-4672,"[White ""Magnus Carlsen""]
[Black ""Stockfish""]

1. e4 e5 2. Nf3 d5 3. exd5 e4 4. Nd4 Be7 5. Nc3 c6 6. dxc6 Qxd4 7. cxb7 Bxb7 8. Bb5+ Bc6 9. Bxc6+ Nxc6 10. O-O h5 11. Re1 Rd8 12. Rxe4 Qd7 13. d3 f5 14. Re1 Kf7 15. Bf4 Nf6 16. Qf3 Nd4 17. Qd1 Bb4 18. a3 Ba5 19. b4 Bc7 20. Bxc7 Rc8 21. Be5 Rxc3 22. Bxd4 Qxd4 23. Qe2 Re8 24. Qd2 Rxe1+ 25. Rxe1 h4 26. h3 a6 27. Qe2 Qd7 28. Qe5 Rxa3 29. Qc5 Kg6 30. Re7 Ra1+ 31. Kh2 Qd5 32. Qc7 Nh5 33. Qc3 Qd6+ 34. Re5 Rc1 35. Qb2 Rb1 36. Qc3 Rxb4 37. g4 hxg3+ 38. fxg3 a5 39. g4 Nf4 40. gxf5+ Kf7 41. Qe1 Nd5 42. Kg1 Rb1 43. Qxb1 Qxe5 44. Qb7+ Kf6 45. Qc6+ Kxf5 46. Qd7+ Kf6 47. Qd8+ Ne7 48. Qf8+ Ke6 49. Qe8 Qc5+ 50. Kf1 Qe5 51. Qa4 Kf7 52. Qc4+ Qe6 53. Qf4+ Qf5 54. Qxf5+ Nxf5 55. Ke2 g5 56. Kf3 a4 57. Kg4 Nd4 58. Kxg5 a3 59. h4 a2 60. h5 Nxc2 61. h6 Ne3 62. h7 Kg7 63. h8=Q+ Kxh8 64. Kf4 Nc2 65. Ke4 Nb4 66. Kd4 Kg8 67. Kc3 a1=R 68. Kxb4 Kg7 69. Kc4 Ra8 70. Kd4 Rb8 71. Ke4 Re8+ 72. Kd4 Rc8 73. Ke4 Re8+ 74. Kd4 Kf6 75. Kc4 Rd8 76. Kc5 Ke5 77. Kc4 Rf8 78. Kc5 Re8 79. Kc4 Rf8 80. Kc5 Rd8 81. Kc4 Kf5 82. Kc5 Ra8 83. Kc4 Ra7 84. Kc5 Ra4 85. Kc6 Ra2 86. Kc5 Ra8 87. Kc6 Rg8 88. Kc5 Rf8 89. Kc6 Rd8 90. Kc5 Rxd3",*,lichess_200k_bins_16layers_ckpt_with_optimizer.pt,Stockfish 0,,0.1,0.5,0.5,0,0,90,90,False,False,False,False,lichess_200k_bins_16layers_ckpt_with_optimizer.pt vs. Stockfish 0,91,109.69544959068298,90,0
1762769717-3326,"[White ""Magnus Carlsen""]
[Black ""Stockfish""]

1. e4 d5 2. exd5 Qxd5 3. Nc3 Qd8 4. Nf3 a6 5. Bc4 Nf6 6. d3 c5 7. Bg5 e6 8. O-O Be7 9. Re1 h6 10. Bh4 O-O 11. Ne4 Nc6 12. Nxf6+ Bxf6 13. Bxf6 Qd6 14. Bc3 b5 15. Bb3 b4 16. Bd2 c4 17. Bxc4 Bb7 18. Be3 Rfd8 19. Qd2 Rac8 20. Bxh6 Na5 21. Bf4 Qc5 22. Be3 Qc7 23. Bf4 Qb6 24. Be3 Nxc4 25. Bxb6 Nxb2 26. Bxd8 f6 27. Ba5 Bxf3 28. gxf3 Ra8 29. Bxb4 Nc4 30. dxc4 Rf8 31. Bxf8 f5 32. Bxg7 Kh7 33. Qd7 f4 34. Be5+ Kg6 35. Qxe6+ Kg5 36. Qg4+ Kh6 37. Qxf4+ Kh5 38. Qg4+ Kh6 39. Bf4+ Kh7 40. Re7+ Kh8 41. Qg7#",1-0,lichess_200k_bins_16layers_ckpt_with_optimizer.pt,Stockfish 0,,0.1,1,0,0,0,41,41,False,False,False,False,lichess_200k_bins_16layers_ckpt_with_optimizer.pt vs. Stockfish 0,41,29.4341824054718,41,0
1762769741-9483,"[White ""Magnus Carlsen""]
[Black ""Stockfish""]

1. e4 e6 2. d4 b6 3. Nc3 Bb4 4. Bd2 Bb7 5. Bd3 Bxc3 6. Bxc3 Qg5 7. Qf3 a5 8. Nh3 Qe7 9. O-O Nf6 10. Rfe1 O-O 11. Qg3 d6 12. e5 Nh5 13. Qg4 g6 14. Bd2 Nd7 15. Bh6 f5 16. exf6 Rxf6 17. Bg5 Qf8 18. Bxf6 Ndxf6 19. Qxe6+ Qf7 20. Qxf7+ Kh8 21. Qxc7 Bd5 22. Qxd6 Kg8 23. Qxb6 Ng4 24. Qd6 Bf3 25. gxf3 Ne5 26. Qxe5 Rb8 27. Qxb8+ Kf7 28. Qb7+ Kf8 29. Qxh7 Ng7 30. Qxg6 Nh5 31. Qxh5 Kg7 32. Qxa5 Kf7 33. Qa6 Kg8 34. Re7 Kf8 35. Rb7 Kg8 36. Qa8#",1-0,lichess_200k_bins_16layers_ckpt_with_optimizer.pt,Stockfish 0,,0.1,1,0,0,0,36,36,False,False,False,False,lichess_200k_bins_16layers_ckpt_with_optimizer.pt vs. Stockfish 0,36,24.608864307403564,36,0
1762769771-5582,"[White ""Magnus Carlsen""]
[Black ""Stockfish""]

1. e4 e6 2. d4 Nc6 3. Nf3 d6 4. Bb5 a6 5. Bxc6+ bxc6 6. O-O Ne7 7. Bg5 Qd7 8. Nc3 f6 9. Bh4 Ng6 10. Bg3 h5 11. h3 h4 12. Bh2 e5 13. dxe5 fxe5 14. Qd2 Qe6 15. Ng5 Qc4 16. b3 Qc5 17. Na4 Qa7 18. Kh1 Rh5 19. Nf3 Rh8 20. Qg5 Kf7 21. Nxh4 Nxh4 22. Bg3 Be7 23. Qd2 Ke8 24. f4 Nxg2 25. Kxg2 Qd4 26. Qxd4 Bxh3+ 27. Kf2 c5 28. Qd5 exf4 29. Qxa8+ Kf7 30. Qxh8 Bh4 31. Qxh4 g5 32. Qxh3 Kf6 33. Bxf4 gxf4 34. Qf5+ Ke7 35. Qxf4 a5 36. Rh1 Kd8 37. Rh7 Kc8 38. Qf8+ Kb7 39. Qd8 Ka6 40. Qxc7 Kb5 41. Qb6#",1-0,lichess_200k_bins_16layers_ckpt_with_optimizer.pt,Stockfish 0,,0.1,1,0,0,0,41,41,False,False,False,False,lichess_200k_bins_16layers_ckpt_with_optimizer.pt vs. Stockfish 0,41,30.23806643486023,41,0
1762769811-8320,"[White ""Magnus Carlsen""]
[Black ""Stockfish""]

1. e4 a6 2. d4 d6 3. Nf3 e6 4. Nc3 Be7 5. Bd3 Nc6 6. Be3 Nb4 7. a3 Nc6 8. O-O Nf6 9. h3 e5 10. d5 Na7 11. Ne2 Nd7 12. c4 g6 13. b4 O-O 14. c5 f5 15. cxd6 cxd6 16. exf5 gxf5 17. Bh6 Rf6 18. Bg5 Rf8 19. Bxe7 Qxe7 20. Ng3 f4 21. Nf5 Qd8 22. Nxd6 Kg7 23. Nf5+ Kf6 24. N5h4 Kf7 25. Bxh7 Nb5 26. Bg6+ Kg8 27. Qd3 Rf6 28. Bh7+ Kf7 29. Ng5+ Kf8 30. Ne6+ Rxe6 31. dxe6 f3 32. Qf5+ Ke7 33. Qf7+ Kd6 34. Rad1+ Kc7 35. exd7 fxg2 36. dxc8=Q+ Kxc8 37. Rxd8+ Kxd8 38. Rd1+ Nd4 39. Qd5+ Ke8 40. Qxe5+ Kf7 41. Rxd4 Ra7 42. Rf4#",1-0,lichess_200k_bins_16layers_ckpt_with_optimizer.pt,Stockfish 0,,0.1,1,0,0,0,42,42,False,False,False,False,lichess_200k_bins_16layers_ckpt_with_optimizer.pt vs. Stockfish 0,42,39.33857274055481,42,0
1762769829-3037,"[White ""Magnus Carlsen""]
[Black ""Stockfish""]

1. e4 e6 2. d4 Nf6 3. e5 Nd5 4. c4 Ne7 5. Nc3 d6 6. exd6 cxd6 7. Nf3 Nf5 8. Bd3 Be7 9. Bxf5 Bd7 10. Bd3 Nc6 11. O-O d5 12. cxd5 exd5 13. Nxd5 Bg4 14. Nxe7 Nxe7 15. Re1 O-O 16. Be2 Ng6 17. h3 Bf5 18. Bd3 Bxd3 19. Qxd3 a6 20. Bg5 Qb6 21. b3 h6 22. Be3 Rfd8 23. d5 Qc7 24. Rac1 Ne5 25. Nxe5 Qxe5 26. Bd4 Qxe1+ 27. Rxe1 Rd7 28. Qg3 f6 29. Bxf6 Re8 30. Rxe8+ Kh7 31. Bd4 g5 32. Qe5 Rd8 33. Rxd8 g4 34. Qg7#",1-0,lichess_200k_bins_16layers_ckpt_with_optimizer.pt,Stockfish 0,,0.1,1,0,0,0,34,34,False,False,False,False,lichess_200k_bins_16layers_ckpt_with_optimizer.pt vs. Stockfish 0,34,18.165313482284546,34,0
1762770335-2514,"[White ""Magnus Carlsen""]
[Black ""Stockfish""]

1. e4 c5 2. Nf3 Qc7 3. d4 cxd4 4. Nxd4 a6 5. Nc3 Nc6 6. Be3 e6 7. Be2 Nf6 8. O-O b5 9. a3 Be7 10. f4 Bb7 11. e5 Nxd4 12. Bxd4 Ng8 13. Bf3 Rc8 14. Bxb7 Qxb7 15. Qg4 Bf8 16. Rad1 Ne7 17. Qf3 Qxf3 18. Rxf3 h6 19. Ne4 Nc6 20. Bc5 Rc7 21. Bxf8 Rxf8 22. Nd6+ Ke7 23. Rfd3 f6 24. exf6+ Kxf6 25. Ne4+ Ke7 26. g3 d5 27. Nc5 Na5 28. b4 Nb7 29. Nxa6 Rcc8 30. Re1 Rfd8 31. f5 Rxc2 32. Rxe6+ Kd7 33. Rxd5+ Nd6 34. Nc5+ Kc7 35. Re7+ Kc6 36. Rd1 Re8 37. Rxe8 Nxe8 38. Rd8 Nd6 39. Rg8 Kd5 40. Rxg7 Ra2 41. Rg6 Ra1+ 42. Kg2 Nxf5 43. Rf6 Ke5 44. Re6+ Kd5 45. Rf6 Ne3+ 46. Kf3 Nc2 47. Rxh6 Rxa3+ 48. Kg4 Rc3 49. Rh5+ Kc4 50. Ne4 Rb3 51. Rc5+ Kd3 52. Rxb5 Kxe4 53. Rb8 Rb1 54. b5 Na3 55. b6 Nc2 56. b7 Ne3+ 57. Kg5 Rb3 58. h4 Kf3 59. h5 Kxg3 60. h6 Rb1 61. h7 Rg1 62. h8=Q Kf2+ 63. Kf6 Rb1 64. Qh2+ Ke1 65. Qg1+ Ke2 66. Qxb1 Kf2 67. Qb2+ Ke1 68. Re8 Kf1 69. Rxe3 Kg1 70. Re1#",1-0,lichess_200k_bins_16layers_ckpt_with_optimizer.pt,Stockfish 0,,0.1,1,0,0,0,70,70,False,False,False,False,lichess_200k_bins_16layers_ckpt_with_optimizer.pt vs. Stockfish 0,70,73.70454454421997,70,0
1762770364-2075,"[White ""Magnus Carlsen""]
[Black ""Stockfish""]

1. e4 e5 2. Nf3 Nc6 3. Bc4 d6 4. d3 Nf6 5. Ng5 h6 6. Nxf7 d5 7. Nxd8 Bb4+ 8. c3 Bc5 9. Nxc6 Bg4 10. f3 dxc4 11. Nxe5 O-O 12. Nxg4 Nxg4 13. fxg4 Bf2+ 14. Ke2 Bg3 15. hxg3 cxd3+ 16. Qxd3 c5 17. Qd5+ Kh7 18. Qxc5 Kg8 19. Qd5+ Rf7 20. Rf1 Rf8 21. Rxf7 Rd8 22. Qxd8+ Kxf7 23. Qd7+ Kg8 24. Qxb7 Kh7 25. Qxa7 Kh8 26. Qd4 Kh7 27. Bxh6 gxh6 28. Qd7+ Kg6 29. Qf5+ Kg7 30. Nd2 Kh8 31. Rh1 Kg7 32. Rxh6 Kxh6 33. Qh5+ Kg7 34. g5 Kg8 35. Qh6 Kf7 36. g6+ Kf6 37. g7+ Kf7 38. Qh8 Ke7 39. g8=Q Kd7 40. Qg6 Kc7 41. Qhh7+ Kb8 42. Qgg8#",1-0,lichess_200k_bins_16layers_ckpt_with_optimizer.pt,Stockfish 0,,0.1,1,0,0,0,42,42,False,False,False,False,lichess_200k_bins_16layers_ckpt_with_optimizer.pt vs. Stockfish 0,42,29.83867645263672,42,0
1762770370-1978,"[White ""Magnus Carlsen""]
[Black ""Stockfish""]

1. e4 e5 2. Nf3 d5 3. exd5 Qxd5 4. Nc3 Qc5 5. d4 exd4 6. Nxd4 Be7 7. Be3 Qa5 8. Bd3 Nc6 9. Nxc6 bxc6 10. O-O Bd6 11. Re1 Nf6 12. Bd4+ Kd8 13. Bxf6+ Be7 14. Bxe7+ Kd7 15. Bf5+ Ke8 16. Bxc8 Rb8 17. Bd7+",1-0,lichess_200k_bins_16layers_ckpt_with_optimizer.pt,Stockfish 0,,0.1,1,0,0,0,17,17,False,False,False,False,lichess_200k_bins_16layers_ckpt_with_optimizer.pt vs. Stockfish 0,17,5.6616175174713135,17,0
1762770441-4588,"[White ""Magnus Carlsen""]
[Black ""Stockfish""]

1. e4 e6 2. d4 c5 3. d5 Nf6 4. Nc3 Bd6 5. Nf3 e5 6. Bg5 a6 7. Be2 h6 8. Bh4 Qe7 9. O-O g5 10. Bg3 b5 11. a3 h5 12. h3 Rg8 13. Nh2 Bc7 14. Bxh5 d6 15. Bg4 Bxg4 16. Nxg4 Nxg4 17. Qxg4 Ba5 18. Ne2 Bd8 19. f3 Qd7 20. Qxd7+ Kxd7 21. Bf2 c4 22. Ng3 Kc7 23. Nf5 Nd7 24. Be3 Bf6 25. c3 Bd8 26. Rad1 Bf6 27. Rd2 Rgb8 28. Rfd1 Rg8 29. Nh6 Rgf8 30. Ng4 Bd8 31. Nf2 Kb7 32. Ng4 Bb6 33. Bxb6 f6 34. Be3 Rfc8 35. Nh6 Kb8 36. Nf5 Nc5 37. Nxd6 Nd3 38. Nxc8 Kc7 39. Ne7 Kd7 40. Nf5 Rg8 41. Ng3 Rg6 42. Ne2 a5 43. Nc1 Nf4 44. Bxf4 exf4 45. Ne2 Rg7 46. Nd4 Rh7 47. Nxb5 Rh6 48. Nd4 Rh4 49. Nf5 Rh5 50. Ng7 Rh8 51. Ne6 Kd6 52. Nd4 g4 53. Nf5+ Kd7 54. fxg4 a4 55. Nd4 Ra8 56. Nb5 Rg8 57. Nd4 Rh8 58. Nf5 f3 59. gxf3 Rh5 60. Kg2 Rxf5 61. exf5 Kc8 62. Re2 Kb7 63. Re6 Ka7 64. Rxf6 Kb7 65. Re6 Ka7 66. Rde1 Kb8 67. R1e5 Kc7 68. Re7+ Kc8 69. R5e6 Kb8 70. Rf7 Ka8 71. Re8#",1-0,lichess_200k_bins_16layers_ckpt_with_optimizer.pt,Stockfish 1,,0.1,1,0,0,0,71,71,False,False,False,False,lichess_200k_bins_16layers_ckpt_with_optimizer.pt vs. Stockfish 1,71,69.99702382087708,71,0
1762770461-6324,"[White ""Magnus Carlsen""]
[Black ""Stockfish""]

1. e4 e5 2. Nf3 d5 3. exd5 Bc5 4. Nc3 Nd7 5. d4 Bd6 6. dxe5 Bb4 7. Bd2 Ne7 8. Bc4 Ng6 9. O-O a5 10. a3 Ndxe5 11. Nxe5 Nxe5 12. Bb5+ Bd7 13. Bxd7+ Qxd7 14. axb4 Rd8 15. bxa5 Ke7 16. Bg5+ Kf8 17. Bxd8 Qxd8 18. Re1 h5 19. Rxe5 h4 20. h3 b5 21. Nxb5 f6 22. Re6 Kf7 23. Qe2 Re8 24. Rxe8 Qxe8 25. Qxe8+ Kxe8 26. Nxc7+ Kf8 27. a6 g6 28. a7 f5 29. a8=Q+ Ke7 30. Re1+ Kf7 31. Qe8+ Kg7 32. Re7+ Kh6 33. Qh8+ Kg5 34. Ne6+",1-0,lichess_200k_bins_16layers_ckpt_with_optimizer.pt,Stockfish 1,,0.1,1,0,0,0,34,34,False,False,False,False,lichess_200k_bins_16layers_ckpt_with_optimizer.pt vs. Stockfish 1,34,19.50098729133606,34,0
1762770483-7780,"[White ""Magnus Carlsen""]
[Black ""Stockfish""]

1. e4 c5 2. Nf3 Nc6 3. d4 cxd4 4. Nxd4 e5 5. Nb5 a6 6. Nd6+ Bxd6 7. Qxd6 Qf6 8. Qd1 Nge7 9. Nc3 Nd4 10. Be3 h6 11. Bc4 O-O 12. O-O b5 13. Bd5 Nxd5 14. Nxd5 Qd8 15. Bxd4 exd4 16. Qxd4 Re8 17. Rfe1 Bb7 18. Rad1 Bxd5 19. Qxd5 Qc7 20. c3 Rab8 21. Qxd7 Qa5 22. a3 Qa4 23. Qd4 Qc2 24. Rd2 Rxe4 25. Rxe4 Rb6 26. Rxc2 Re6 27. Rxe6 h5 28. Re8+ Kh7 29. Qe4+ g6 30. Re7 Kg7 31. Qe5+ Kg8 32. Rd2 g5 33. Rd8+ Kh7 34. Rxf7+ Kh6 35. Qf6#",1-0,lichess_200k_bins_16layers_ckpt_with_optimizer.pt,Stockfish 1,,0.1,1,0,0,0,35,35,False,False,False,False,lichess_200k_bins_16layers_ckpt_with_optimizer.pt vs. Stockfish 1,35,21.93770432472229,35,0
1762770557-5494,"[White ""Magnus Carlsen""]
[Black ""Stockfish""]

1. e4 e6 2. d4 d5 3. e5 c6 4. Nf3 c5 5. c3 cxd4 6. cxd4 Nc6 7. Bb5 Qb6 8. Bxc6+ bxc6 9. O-O c5 10. dxc5 Qb7 11. Nc3 Bxc5 12. Be3 Bxe3 13. fxe3 Nh6 14. Nd4 O-O 15. Qh5 Qxb2 16. Nce2 a5 17. Nf4 Bd7 18. Qg5 Qa3 19. Nh5 g6 20. Nf6+ Kg7 21. Nxd7 Rfe8 22. Nf6 Rec8 23. Nh5+ Kg8 24. Qxh6 gxh5 25. Qg5+ Kh8 26. Qf6+ Kg8 27. Qxf7+ Kh8 28. Qf6+ Kg8 29. Qxe6+ Kh8 30. Qf6+ Kg8 31. Qg5+ Kh8 32. Qxh5 Qxe3+ 33. Kh1 Qxd4 34. Rad1 Qe4 35. Rfe1 Qg6 36. Qxg6 hxg6 37. Rxd5 Kg8 38. e6 Rc6 39. e7 Re8 40. Rd8 Kf7 41. Rxe8 Kxe8 42. h3 Rc4 43. Re6 Rc2 44. Rxg6 a4 45. Rg8+ Kxe7 46. Rg7+ Kd6 47. Rg6+ Kc7 48. Rg7+ Kb6 49. Rg6+ Kb5 50. Rg5+ Kc4 51. Rg4+ Kd3 52. Rg3+ Kc4 53. Rg4+ Kb5 54. Rg5+ Kb4 55. Rg4+ Ka5 56. Rg5+ Ka6 57. Rg6+ Kb5 58. Rg5+ Kc4 59. Rg4+ Kb5 60. Rg5+ Kc6 61. Rg6+ Kd7 62. Rg7+ Kd6 63. Rg6+ Kc5 64. Rg5+ Kb4 65. Rg4+ Kb5 66. Rg5+",1/2-1/2,lichess_200k_bins_16layers_ckpt_with_optimizer.pt,Stockfish 2,,0.1,1/2,1/2,0,0,66,66,False,False,False,False,lichess_200k_bins_16layers_ckpt_with_optimizer.pt vs. Stockfish 2,66,72.73046135902405,66,0
1762770618-9946,"[White ""Magnus Carlsen""]
[Black ""Stockfish""]

1. e4 e6 2. d4 c5 3. d5 exd5 4. exd5 g6 5. Nf3 Qe7+ 6. Be2 d6 7. O-O Bg7 8. Re1 Kf8 9. Bb5 Be5 10. Nxe5 dxe5 11. Nc3 Bd7 12. Bxd7 Nxd7 13. Ne4 f5 14. Ng5 Qd6 15. Ne6+ Kf7 16. c4 Re8 17. Bg5 Ngf6 18. Bxf6 Kxf6 19. Qd2 Rxe6 20. Qh6 Re7 21. Re2 Kf7 22. Rae1 a5 23. Qg5 e4 24. f3 h6 25. Qh4 Kg7 26. fxe4 fxe4 27. Rxe4 Ne5 28. Qf4 Rhe8 29. h3 a4 30. a3 g5 31. Qf5 Ng6 32. Rxe7+ Rxe7 33. Rxe7+ Qxe7 34. Qc8 Ne5 35. Qf5 Nxc4 36. Qd3 b5 37. Qc3+ Kg8 38. Qd3 Kf7 39. Qf5+ Kg7 40. Qd3 Nd6 41. Qc3+ Kg6 42. Qxc5 Kf6 43. Qd4+ Kf5 44. Qd3+ Qe4 45. Qf1+ Ke5 46. Qf8 Qf4 47. Qe7+ Kd4 48. Qe2 Nc4 49. Qd1+ Kc5 50. Qg4 Qxg4 51. hxg4 Kxd5 52. Kf2 Kd4 53. Kf3 Kc5 54. Ke4 b4 55. Kf5 Kd6 56. Kg6 Nxb2 57. Kxh6 b3 58. Kxg5 Nc4 59. Kf6 Nb6 60. g5 Nd5+ 61. Kf7 b2 62. g6 b1=Q 63. g7 Ne7 64. g8=Q Qf5+ 65. Ke8 Qc8+ 66. Kf7 Qxg8+ 67. Kf6 Qg6#",0-1,lichess_200k_bins_16layers_ckpt_with_optimizer.pt,Stockfish 2,,0.1,0,1,0,0,67,67,False,False,False,False,lichess_200k_bins_16layers_ckpt_with_optimizer.pt vs. Stockfish 2,68,61.6346218585968,67,0
1762770642-2856,"[White ""Magnus Carlsen""]
[Black ""Stockfish""]

1. e4 c6 2. d4 a5 3. Nf3 g6 4. Bc4 b5 5. Bd3 b4 6. O-O Qc7 7. c3 Bg7 8. cxb4 d6 9. bxa5 Qxa5 10. Bd2 Qb6 11. Bc3 Nh6 12. Nbd2 Qc7 13. h3 Nd7 14. Re1 Ba6 15. Bxa6 c5 16. Bd3 O-O 17. dxc5 Bxc3 18. bxc3 dxc5 19. Qc2 Rfb8 20. Reb1 Nf8 21. Rxb8 Ng4 22. Rxa8 Qf4 23. hxg4 c4 24. Bxc4 e6 25. Rb1 Qxg4 26. Rbb8 Kg7 27. Rxf8 Kf6 28. e5+ Kg7 29. Rg8+ Kh6 30. Ra7 Qf4 31. Rxf7 Qxf7 32. Rf8 Qd7 33. Rf6 Qe7 34. Rxe6 Qh4 35. Rxg6+ hxg6 36. Nxh4 Kh7 37. Qxg6+ Kh8 38. Qg8#",1-0,lichess_200k_bins_16layers_ckpt_with_optimizer.pt,Stockfish 2,,0.1,1,0,0,0,38,38,False,False,False,False,lichess_200k_bins_16layers_ckpt_with_optimizer.pt vs. Stockfish 2,38,23.28423571586609,38,0
1762770734-4585,"[White ""Magnus Carlsen""]
[Black ""Stockfish""]

1. e4 c6 2. d4 e6 3. Nf3 d5 4. e5 h6 5. Bd3 c5 6. c3 a6 7. O-O Qc7 8. Be3 Bd7 9. Nbd2 Bb5 10. Bxb5+ axb5 11. Qe2 Nd7 12. Qxb5 c4 13. b3 Ra5 14. Qxa5 Qxa5 15. bxc4 Ne7 16. cxd5 exd5 17. Rfc1 Nc6 18. Nb3 Qa4 19. Nfd2 Be7 20. c4 dxc4 21. Rxc4 Qb5 22. Rb1 Nb6 23. Rc2 Qa4 24. Nc5 Qxc2 25. Rxb6 Bxc5 26. dxc5 O-O 27. h3 Nxe5 28. Rxb7 Rd8 29. Nf3 Qe4 30. Re7 Nxf3+ 31. gxf3 Qg6+ 32. Kh2 Qc6 33. Kg2 f5 34. Re5 Kh7 35. Rxf5 Kg8 36. Rf4 Kh8 37. Rg4 Rc8 38. Bd4 Rg8 39. Rxg7 Qa4 40. Rxg8+ Kxg8 41. Be3 Qd7 42. Kg3 Qf7 43. f4 Kf8 44. Kf3 Qb7+ 45. Ke2 Qe4 46. Kd2 Qc6 47. Ke2 Kf7 48. Kd2 Qb7 49. Ke2 Qc6 50. Kd2 Qb5 51. Ke1 Qd3 52. Bd2 h5 53. Be3 Kf8 54. Bd2 Ke8 55. Be3 Qb1+ 56. Ke2 Qc2+ 57. Kf3 Kf7 58. Kg3 Qc4 59. Kf3 Qa4 60. Kg3 Kf6 61. Kf3 Kf5 62. Kg3 Qa6 63. Kf3 Qa8+ 64. Kg3 Qa6 65. Kf3 Qa8+ 66. Kg3 Qg8+ 67. Kf3 h4 68. Ke2 Qc4+ 69. Kf3 Qe4+ 70. Ke2 Qc2+ 71. Kf3 Qd1+ 72. Kg2 Qd5+ 73. Kf1 Qc4+ 74. Kg2 Qd5+ 75. Kf1 Ke4 76. Ke2 Qb7 77. Kf1 Qf7 78. Ke2 Qb7 79. Kf1 Qd5 80. Ke2 Qc4+ 81. Ke1 Qd3 82. c6 Kf3 83. c7 Qe2#",0-1,lichess_200k_bins_16layers_ckpt_with_optimizer.pt,Stockfish 3,,0.1,0,1,0,0,83,83,False,False,False,False,lichess_200k_bins_16layers_ckpt_with_optimizer.pt vs. Stockfish 3,84,91.1039686203003,83,0
1762770759-1885,"[White ""Magnus Carlsen""]
[Black ""Stockfish""]

1. e4 d5 2. exd5 Qxd5 3. Nc3 Qd6 4. Nf3 a6 5. d4 Nf6 6. Be2 c5 7. dxc5 Qxd1+ 8. Bxd1 Nc6 9. O-O e5 10. Re1 Be6 11. Nxe5 O-O-O 12. Nxc6 Rd5 13. Nxd5 Bxc5 14. Nce7+ Bxe7 15. Nxe7+ Kd8 16. Bg5 h6 17. Bxf6 gxf6 18. Nf5 Rg8 19. Nxh6 Rg6 20. Nxf7+ Ke7 21. Bh5 Rg8 22. Rad1 f5 23. Ne5 Rxg2+ 24. Kxg2 a5 25. Ng6+ Kf7 26. Nf4+ Kg8 27. Nxe6 Kh7 28. Rd7+ Kg8 29. Rxb7 Kh8 30. Rb8+ Kh7 31. Re5 Kh6 32. Rxf5 Kh7 33. Rxa5 Kh6 34. Rb6 Kh7 35. Nf8+ Kg7 36. Ra7+ Kg8 37. Rb8 Kh8 38. Ne6#",1-0,lichess_200k_bins_16layers_ckpt_with_optimizer.pt,Stockfish 3,,0.1,1,0,0,0,38,38,False,False,False,False,lichess_200k_bins_16layers_ckpt_with_optimizer.pt vs. Stockfish 3,38,24.948025226593018,38,0
1762770815-3036,"[White ""Magnus Carlsen""]
[Black ""Stockfish""]

1. e4 c5 2. Nf3 Nc6 3. d4 cxd4 4. Nxd4 Nf6 5. Nc3 e5 6. Ndb5 a6 7. Nd6+ Bxd6 8. Qxd6 Rb8 9. Bg5 h6 10. Bxf6 Qxf6 11. Qxf6 gxf6 12. Nd5 f5 13. exf5 d6 14. Nf6+ Kd8 15. O-O-O Bxf5 16. Rxd6+ Ke7 17. Rd1 Kxf6 18. Bc4 Rbd8 19. Rde1 Rd4 20. Bb3 Be6 21. c3 Rf4 22. f3 Ke7 23. Re2 Bxb3 24. axb3 h5 25. Rhe1 Rf6 26. f4 Rf5 27. fxe5 Ke6 28. h3 a5 29. g4 Rxe5 30. Rxe5+ Nxe5 31. gxh5 f6 32. Rg1 Rh6 33. Rg7 Rh8 34. Rxb7 Rxh5 35. Rb6+ Kf7 36. Rb5 Nd3+ 37. Kc2 Ne1+ 38. Kd2 Rxb5 39. Kxe1 Rg5 40. Kf2 Rf5+ 41. Kg3 Re5 42. Kg4 Kg7 43. h4 Re1 44. h5 Rh1 45. Kf5 Rd1 46. Ke6 Re1+ 47. Kd5 f5 48. Kc4 Kf6 49. Kb5 Kg7 50. Kxa5 f4 51. Kb4 Kf6 52. Kc4 f3 53. Kd3 f2 54. Kd2 Ke6 55. Kd3 f1=Q+ 56. Kc2 Qe2#",0-1,lichess_200k_bins_16layers_ckpt_with_optimizer.pt,Stockfish 3,,0.1,0,1,0,0,56,56,False,False,False,False,lichess_200k_bins_16layers_ckpt_with_optimizer.pt vs. Stockfish 3,57,56.33307957649231,56,0
1762770848-8135,"[White ""Magnus Carlsen""]
[Black ""Stockfish""]

1. e4 c6 2. d4 e6 3. Nf3 a6 4. Bd3 d6 5. O-O Nf6 6. Bg5 h6 7. Bh4 a5 8. e5 dxe5 9. dxe5 b6 10. exf6 g6 11. Ne5 Qc7 12. Bg3 Nd7 13. Nxf7 Qxg3 14. fxg3 Bb7 15. Nxh8 O-O-O 16. Nxg6 e5 17. Nxf8 Nxf8 18. Qg4+ Kc7 19. Qg7+ Kb8 20. f7 Ne6 21. Qxe5+ Kc8 22. Qxe6+ Rd7 23. f8=Q+ Kc7 24. Qf4+ Kc8 25. Qe8+ Rd8 26. Qe6+ Rd7 27. Qf8+ Kc7 28. Qff7 Bc8 29. Qee7 a4 30. Qxd7+ Bxd7 31. Qf4+ Kb7 32. Qxh6 b5 33. Rf7 Kb8 34. Rxd7 b4 35. Qh8#",1-0,lichess_200k_bins_16layers_ckpt_with_optimizer.pt,Stockfish 4,,0.1,1,0,0,0,35,35,False,False,False,False,lichess_200k_bins_16layers_ckpt_with_optimizer.pt vs. Stockfish 4,35,32.10963845252991,35,0
1762770905-4185,"[White ""Magnus Carlsen""]
[Black ""Stockfish""]

1. e4 e5 2. Nf3 d6 3. Bc4 Be7 4. d4 exd4 5. Nxd4 c6 6. O-O Qc7 7. Nc3 Nf6 8. Bg5 Qd8 9. Re1 h6 10. Bh4 b5 11. Bb3 O-O 12. a3 a6 13. Qf3 Ng4 14. Bxe7 Qxe7 15. Nf5 Bxf5 16. exf5 Ne5 17. Qg3 Qd8 18. Rad1 Qg5 19. Qxg5 hxg5 20. Rxd6 Re8 21. f4 gxf4 22. Re4 Kf8 23. Rxf4 Nbd7 24. Rfd4 Nc5 25. Ba2 Nb7 26. Rd2 Nxd6 27. Rxd6 Rad8 28. Rxd8 Rxd8 29. Ne4 Rd4 30. Ng5 Rd2 31. Bb3 c5 32. Nf3 Rd1+ 33. Kf2 Nxf3 34. Kxf3 Rb1 35. Ke4 Re1+ 36. Kd5 c4 37. Ba2 Re2 38. Kc5 Rf2 39. Kb6 Rxg2 40. Kxa6 Rxh2 41. Kxb5 Rxc2 42. Bxc4 Rxb2+ 43. Ka4 Ke7 44. Ka5 Rb8 45. a4 Kf6 46. Bd3 g5 47. fxg6 fxg6 48. Ka6 Rb3 49. Bb5 g5 50. Kb6 Ke5 51. a5 g4 52. a6 g3 53. a7 g2 54. a8=Q g1=Q+ 55. Ka5 Ra3+ 56. Ba4 Qc5+ 57. Ka6 Rxa4+ 58. Kb7 Rb4+ 59. Ka6 Qb5+ 60. Ka7 Qa5#",0-1,lichess_200k_bins_16layers_ckpt_with_optimizer.pt,Stockfish 4,,0.1,0,1,0,0,60,60,False,False,False,False,lichess_200k_bins_16layers_ckpt_with_optimizer.pt vs. Stockfish 4,61,57.06177258491516,60,0
1762770934-1840,"[White ""Magnus Carlsen""]
[Black ""Stockfish""]

1. e4 e5 2. Nf3 d5 3. exd5 e4 4. Nd4 Nf6 5. Nc3 Nxd5 6. Nxe4 Be7 7. Bc4 Nb6 8. Bb3 Qxd4 9. Qe2 Nc6 10. O-O Bf5 11. d3 Qd8 12. Bf4 Nd4 13. Qe3 Ne6 14. Bg3 a6 15. Rad1 Nd5 16. Qf3 Nd4 17. Qh5 c6 18. Be5 Bg6 19. Qg4 h5 20. Qh3 Nxb3 21. axb3 O-O 22. f4 f5 23. Ng3 h4 24. Ne2 Bh5 25. Rde1 Bg4 26. Qxg4 fxg4 27. Nd4 Kf7 28. Nf5 Kg8 29. Nxg7 Qb6+ 30. Kh1 Ne3 31. Rf2 Rf5 32. Nxf5 Nxf5 33. Rfe2 Rf8 34. Bc3 Kf7 35. Re5 h3 36. Rxf5+ Ke8 37. Rxf8+ Kxf8 38. gxh3 gxh3 39. Re5 Qf2 40. Rf5+ Ke8 41. Rg5 Bxg5 42. fxg5 Qf1#",0-1,lichess_200k_bins_16layers_ckpt_with_optimizer.pt,Stockfish 4,,0.1,0,1,0,0,42,42,False,False,False,False,lichess_200k_bins_16layers_ckpt_with_optimizer.pt vs. Stockfish 4,43,28.635545253753662,42,0
1762770941-6401,"[White ""Magnus Carlsen""]
[Black ""Stockfish""]

1. e4 c5 2. Nf3 d6 3. d4 Nf6 4. Nc3 Qa5 5. Bd2 Qb6 6. dxc5 dxc5 7. Bb5+ Nfd7 8. O-O e6 9. Ne5 Bd6 10. Nxd7 Bxd7 11. Bxd7+ Nxd7 12. Re1 O-O 13. Qg4 Qxb2 14. Bh6 Qxc3 15. Rad1 f5 16. exf5 exf5 17. Qg5 Kh8 18. Rxd6 Qxe1#",0-1,lichess_200k_bins_16layers_ckpt_with_optimizer.pt,Stockfish 5,,0.1,0,1,0,0,18,18,False,False,False,False,lichess_200k_bins_16layers_ckpt_with_optimizer.pt vs. Stockfish 5,19,5.962984323501587,18,0
1762771053-5319,"[White ""Magnus Carlsen""]
[Black ""Stockfish""]

1. e4 e5 2. Nf3 Nc6 3. Bc4 Nf6 4. Ng5 d5 5. exd5 Na5 6. Bb5+ c6 7. dxc6 Nxc6 8. Bxc6+ bxc6 9. O-O Bd6 10. d3 Bc7 11. Nc3 O-O 12. Nge4 h6 13. Nxf6+ Qxf6 14. Ne4 Qh4 15. Qf3 Be6 16. Qg3 Qxg3 17. Nxg3 Rfe8 18. Be3 a5 19. a3 a4 20. Rad1 Reb8 21. Bc1 f6 22. Ne4 Bb6 23. Nc3 Bf7 24. Rfe1 Bh5 25. Rd2 Ba5 26. h3 Bg6 27. g4 Ra7 28. Rde2 c5 29. Rd1 Rc8 30. Nd5 Bf7 31. Ne3 Rd7 32. Nf5 c4 33. d4 Bb6 34. c3 Kf8 35. Be3 h5 36. f3 hxg4 37. hxg4 Be6 38. Ng3 Ba7 39. Kf2 Kf7 40. Red2 Rh8 41. Kg2 Rb7 42. dxe5 Bxe3 43. Re2 Ba7 44. exf6 gxf6 45. Ne4 Rd7 46. Rxd7+ Bxd7 47. Nd6+ Kf8 48. Nxc4 Bb8 49. Nb6 Be8 50. Nd5 Rh2+ 51. Kf1 Bb5 52. c4 Rh1+ 53. Kf2 Rh2+ 54. Ke3 Rxe2+ 55. Kxe2 Bxc4+ 56. Ke3 Bxd5 57. Kd4 Bxf3 58. Kc5 Ke7 59. Kb4 Bc6 60. Kc5 Be8 61. Kd4 Bf7 62. Ke4 Bg6+ 63. Kf3 Bd6 64. Ke3 Bc5+ 65. Kf4 Bb1 66. Kf3 Bg6 67. Kf4 Bg1 68. Kf3 Bd4 69. Kf4 Bb6 70. Kf3 Bd4 71. Kf4 Bg1 72. Kf3 Ba7 73. Kf4 Ke6 74. Kf3 Ke7 75. Kf4 Bd4 76. Kf3 Bxb2 77. Kf4 Bxa3 78. Kf3 Bc5 79. Kf4 Bb4 80. Kf3 Bc5 81. Kf4 Bd6+ 82. Kf3 Ba3 83. Kf4 Bd6+ 84. Kf3 a3 85. Ke3 a2 86. Kf3 a1=Q 87. Ke3 Qf1 88. Kd4 Qf3 89. Kc4 Qc6+ 90. Kd4 Qf3",*,lichess_200k_bins_16layers_ckpt_with_optimizer.pt,Stockfish 5,,0.1,0.5,0.5,0,0,90,90,False,False,False,False,lichess_200k_bins_16layers_ckpt_with_optimizer.pt vs. Stockfish 5,91,111.9171233177185,90,0
1762771117-8605,"[White ""Magnus Carlsen""]
[Black ""Stockfish""]

1. e4 e6 2. d4 Be7 3. Nc3 d6 4. Nf3 a6 5. Bd3 Nc6 6. O-O Bf6 7. Be3 Nge7 8. Qd2 e5 9. d5 Nb8 10. h3 Nd7 11. Nh2 O-O 12. f4 c6 13. f5 Rb8 14. Ng4 cxd5 15. Nxf6+ Nxf6 16. exd5 Nexd5 17. Nxd5 Nxd5 18. Bg5 f6 19. Bh4 Kh8 20. Bc4 Ne7 21. Rad1 Nxf5 22. Bf2 b5 23. Bd5 Qc7 24. g4 Ne7 25. Be4 d5 26. Bxd5 Nxd5 27. Qxd5 Bb7 28. Qd6 Rfc8 29. Qxc7 Rxc7 30. c3 Kg8 31. Rd6 Rf7 32. Rfd1 Rc8 33. Rd8+ Rf8 34. R8d7 Bf3 35. R1d6 b4 36. Rxa6 Ra8 37. Rxa8 Rxa8 38. cxb4 Rxa2 39. Rd2 Bc6 40. Bc5 h6 41. Kf2 Ra1 42. Kg3 Kh7 43. h4 Bb7 44. Rd7 Bc6 45. Rc7 Bb5 46. Bf8 Kg8 47. Bxg7 Rb1 48. Bxf6 Rg1+ 49. Kf2 Rf1+ 50. Kg2 Rxf6 51. Rc5 Bf1+ 52. Kg3 e4 53. Re5 Rf3+ 54. Kh2 e3 55. b5 e2 56. b6 Rh3+ 57. Kg1 Kg7 58. b7 Rb3 59. Re7+ Kf6 60. Rc7 e1=Q 61. Rc6+ Ke5 62. Rc5+ Kd6 63. Rc6+ Kd5 64. Rc5+ Kxc5 65. b8=Q Rxb8 66. Kh2 Rxb2+ 67. Kg1 Bh3#",0-1,lichess_200k_bins_16layers_ckpt_with_optimizer.pt,Stockfish 5,,0.1,0,1,0,0,67,67,False,False,False,False,lichess_200k_bins_16layers_ckpt_with_optimizer.pt vs. Stockfish 5,68,64.32328271865845,67,0
1762771212-6135,"[White ""Magnus Carlsen""]
[Black ""Stockfish""]

1. e4 c5 2. Nf3 Nc6 3. d4 Nxd4 4. Nxd4 cxd4 5. Qxd4 e6 6. Nc3 Qa5 7. Bd2 Qb4 8. Qxb4 Bxb4 9. O-O-O f6 10. a3 Ba5 11. Nb5 Bxd2+ 12. Rxd2 Kf7 13. Nd6+ Kg6 14. f4 Nh6 15. h3 f5 16. e5 Nf7 17. g4 Nxd6 18. Rxd6 Rf8 19. Bd3 a6 20. gxf5+ Kf7 21. fxe6+ dxe6 22. Bxh7 Ke7 23. Rhd1 Rb8 24. Be4 Rxf4 25. Bg2 Rf5 26. Re1 Rg5 27. Bf3 Rg3 28. Bg4 b6 29. Red1 Re3 30. Rd8 Re1 31. Rxe1 Kxd8 32. Rd1+ Ke7 33. Rd6 g6 34. h4 a5 35. h5 gxh5 36. Bxh5 b5 37. Bg4 b4 38. axb4 Rxb4 39. Be2 Re4 40. Bd3 Rxe5 41. Ra6 Bxa6 42. Bxa6 Rg5 43. Kd2 a4 44. Kc3 Rg4 45. Bd3 e5 46. Bf5 Rd4 47. Bd3 Ke6 48. Bc4+ Kd7 49. Bb5+ Kd6 50. Bd3 Kd5 51. Bf5 e4 52. Bh7 Rd1 53. Bg8+ Kd6 54. Bh7 Ke5 55. Bg8 Rd7 56. Bc4 e3 57. Be2 Rd8 58. Kb4 a3 59. Kxa3 Kf4 60. Kb3 Rd2 61. Bd3 Kf3 62. Kc3 Rxd3+ 63. Kxd3 e2 64. Kd2 Kf2 65. c4 Kf1 66. c5 e1=Q+ 67. Kd3 Kf2 68. Kc4 Qh1 69. Kb5 Qb7+ 70. Kc4 Qe4+ 71. Kb5 Qd4 72. b4 Ke2 73. Ka5 Ke3 74. Kb5 Ke4 75. Ka5 Qc3 76. Kb5 Kd4 77. Ka5 Ke4 78. Kb5 Kd5 79. Ka5 Qf6 80. Kb5 Qc6+ 81. Ka5 Qe6 82. Kb5 Qc6+ 83. Ka5 Kc4 84. b5 Qxb5#",0-1,lichess_200k_bins_16layers_ckpt_with_optimizer.pt,Stockfish 6,,0.1,0,1,0,0,84,84,False,False,False,False,lichess_200k_bins_16layers_ckpt_with_optimizer.pt vs. Stockfish 6,85,94.16807913780212,84,0
1762771252-5126,"[White ""Magnus Carlsen""]
[Black ""Stockfish""]

1. e4 e5 2. Nf3 Nc6 3. Bc4 Nf6 4. Ng5 d5 5. exd5 Na5 6. Bb5+ Bd7 7. Bxd7+ Qxd7 8. Nc3 Nxd5 9. Nxd5 Qxd5 10. Qf3 c6 11. Qxd5 cxd5 12. O-O Nc6 13. d3 f6 14. Nf3 Bd6 15. Bd2 g5 16. h3 O-O-O 17. Rfe1 Rhe8 18. a3 h6 19. b4 h5 20. b5 Nb8 21. a4 Bc5 22. Be3 Nd7 23. Bxc5 Nxc5 24. d4 exd4 25. Nxd4 h4 26. Nf5 Re5 27. Ne7+ Kb8 28. Nc6+ bxc6 29. Rxe5 fxe5 30. bxc6 Kc8 31. Rb1 a6 32. Rb6 d4 33. a5 Kc7 34. Kf1 Rb8 35. Rxb8 Kxb8 36. Ke2 Kc7 37. Kf3 Kxc6 38. Kg4 e4 39. Kxg5 d3 40. cxd3 exd3 41. Kxh4 Ne6 42. g4 Kb5 43. g5 d2 44. g6 d1=Q 45. g7 Qd4+ 46. Kh5 Qe5+ 47. Kh6 Qg5+ 48. Kh7 Qh5+ 49. Kg8 Qg6 50. Kh8 Qh5+ 51. Kg8 Qg6 52. Kh8 Nxg7 53. h4 Ne8 54. h5 Qg5 55. h6 Qxh6+ 56. Kg8 Qg7#",0-1,lichess_200k_bins_16layers_ckpt_with_optimizer.pt,Stockfish 6,,0.1,0,1,0,0,56,56,False,False,False,False,lichess_200k_bins_16layers_ckpt_with_optimizer.pt vs. Stockfish 6,57,39.49188804626465,56,0
1762771269-6550,"[White ""Magnus Carlsen""]
[Black ""Stockfish""]

1. e4 e5 2. Nf3 d6 3. Bc4 Nd7 4. d4 Ngf6 5. dxe5 Nxe5 6. Nxe5 dxe5 7. Qxd8+ Kxd8 8. Bxf7 a5 9. Nc3 a4 10. Bg5 Bd6 11. O-O-O Bd7 12. Nd5 Bc6 13. Nxf6 Ke7 14. Nd5+ Kxf7 15. f4 a3 16. b3 Bxd5 17. Rxd5 exf4 18. Rf1 Rhe8 19. Bxf4 Ke6 20. Bxd6 cxd6 21. Rfd1 Rf8 22. Rxd6+ Ke7 23. Rd7+ Ke6 24. Rxg7 Rf2 25. Rxh7 Rc8 26. Rd2 Rf1+ 27. Rd1 Rf2 28. Rd2 Rf1+ 29. Rd1 Rf2 30. Rd2 Rf1+ 31. Rd1 Rf2 32. Rd2 Rf1+ 33. Rd1 Rf2",1/2-1/2,lichess_200k_bins_16layers_ckpt_with_optimizer.pt,Stockfish 6,,0.1,1/2,1/2,0,0,33,33,False,False,False,False,lichess_200k_bins_16layers_ckpt_with_optimizer.pt vs. Stockfish 6,34,16.60817813873291,33,0
1762771343-2233,"[White ""Magnus Carlsen""]
[Black ""Stockfish""]

1. e4 c5 2. Nf3 a6 3. d4 cxd4 4. Nxd4 d6 5. Nc3 Nf6 6. Be3 Qc7 7. f3 e6 8. Qd2 Nc6 9. O-O-O b5 10. g4 Nxd4 11. Bxd4 Be7 12. g5 b4 13. Ne2 Nh5 14. Ng3 Nxg3 15. hxg3 Rg8 16. Rxh7 Qa5 17. Kb1 Bd7 18. Bxg7 Qxg5 19. Qxg5 Bxg5 20. f4 Bd8 21. Bd4 Bc6 22. Bd3 Rxg3 23. Rh8+ Ke7 24. Bf6+ Kxf6 25. Rh6+ Rg6 26. Rxg6+ fxg6 27. Rg1 Kf7 28. e5 a5 29. Bxg6+ Kg7 30. Be8+ Kf8 31. Bxc6 Rb8 32. exd6 Rb6 33. Bd7 Rxd6 34. Bb5 Kf7 35. Bd3 Rd5 36. Rf1 Bc7 37. f5 Rd4 38. fxe6+ Kxe6 39. Re1+ Be5 40. Rf1 Rh4 41. Re1 Kd5 42. Rd1 Rh6 43. Be2+ Kc5 44. Bf3 Bh8 45. Rd5+ Kb6 46. Rd1 Rf6 47. Be2 Rh6 48. Bd3 Kc5 49. Re1 a4 50. Rf1 Bg7 51. Rf5+ Kd4 52. Rf4+ Kd5 53. Rf5+ Kd4 54. Rf4+ Ke3 55. Re4+ Kf2 56. Re2+ Kf3 57. Re1 Kg2 58. Rf1 Bf6 59. Re1 Bg7 60. Re2+ Kg1 61. Re1+ Kg2 62. Re2+ Kf3 63. Re1 a3 64. Rf1+ Kg2 65. Re1 axb2 66. Re2+ Kg3 67. Re1 Bc3 68. Rg1+ Kf2 69. Rf1+ Ke3 70. Re1+ Bxe1 71. Bc4 Bc3 72. Bb3 Rh1#",0-1,lichess_200k_bins_16layers_ckpt_with_optimizer.pt,Stockfish 7,,0.1,0,1,0,0,72,72,False,False,False,False,lichess_200k_bins_16layers_ckpt_with_optimizer.pt vs. Stockfish 7,73,73.08811116218567,72,0
1762771369-2769,"[White ""Magnus Carlsen""]
[Black ""Stockfish""]

1. e4 c5 2. Nf3 e6 3. d4 Nf6 4. e5 Ng8 5. d5 d6 6. dxe6 Bxe6 7. exd6 Qxd6 8. Qxd6 Bxd6 9. Bb5+ Kf8 10. O-O a6 11. Bd3 h6 12. Nc3 g5 13. Ne4 c4 14. Nxd6 cxd3 15. cxd3 Nc6 16. Nxb7 f6 17. Nc5 Bf5 18. d4 Rc8 19. Be3 Nb4 20. a3 Nc2 21. Rac1 Ne7 22. Ne1 Nxd4 23. Bxd4 Kg7 24. Ned3 Rcd8 25. Bc3 Bxd3 26. Nxd3 Rxd3 27. Rfe1 Nd5 28. Red1 Nxc3 29. Rxd3 Ne2+ 30. Kf1 Nxc1 31. Rd7+ Kg6 32. Rd6 Nb3 33. Rxa6 g4 34. Rb6 Nd4 35. a4 Rc8 36. g3 Rc1+ 37. Kg2 Nf3 38. h3 h5 39. hxg4 hxg4 40. Rxf6+ Kxf6 41. a5 Kf7 42. a6 Kg7 43. a7 Kh6 44. a8=Q Rg1#",0-1,lichess_200k_bins_16layers_ckpt_with_optimizer.pt,Stockfish 7,,0.1,0,1,0,0,44,44,False,False,False,False,lichess_200k_bins_16layers_ckpt_with_optimizer.pt vs. Stockfish 7,45,26.2793071269989,44,0
1762771433-2906,"[White ""Magnus Carlsen""]
[Black ""Stockfish""]

1. e4 e6 2. d4 a6 3. Nf3 d5 4. e5 Bd7 5. Bd3 c5 6. c3 h6 7. O-O Nc6 8. Be3 c4 9. Bc2 Nge7 10. Nbd2 b5 11. a3 Nf5 12. Bxf5 exf5 13. Re1 g5 14. Nf1 Be7 15. N3d2 f4 16. Bxf4 gxf4 17. Qh5 Be6 18. Nf3 Rb8 19. N1d2 Kd7 20. Nh4 Qg8 21. Nf5 Qg5 22. Qxg5 Bxg5 23. Nd6 Rh7 24. Nf3 Rg7 25. Kh1 Be7 26. Nxc4 a5 27. Ncd2 f6 28. exf6 Bxf6 29. Nb3 Bf5 30. Nc5+ Kd6 31. Na6 Rc8 32. Nc5 h5 33. Nh4 Bxh4 34. g3 Bg5 35. gxf4 Bh6 36. Rg1 Rxg1+ 37. Rxg1 a4 38. Rg6+ Bxg6 39. Nb7+ Kd7 40. Nc5+ Kd6 41. Nb7+ Ke6 42. Nc5+ Kf7 43. Nd7 Bxf4 44. Ne5+ Nxe5 45. dxe5 Rf8 46. Kg2 Bb1 47. Kf3 Bxe5 48. Ke3 Ke7 49. f4 Rxf4 50. Kd2 Rf2+ 51. Ke3 Rf7 52. Kd2 Ke6 53. Ke3 Rb7 54. Kd2 Rg7 55. Ke3 Bh7 56. Kd2 Be4 57. Ke3 Rf7 58. Kd2 Rg7 59. Ke3 Rf7 60. Kd2 Bf4+ 61. Ke2 Ke5 62. Kf2 Ke6 63. Ke2 h4 64. Kf2 Bh6+ 65. Ke2 Kd6 66. Ke1 Bd3 67. Kd1 Ke5 68. Ke1 h3 69. Kd1 Rf1#",0-1,lichess_200k_bins_16layers_ckpt_with_optimizer.pt,Stockfish 7,,0.1,0,1,0,0,69,69,False,False,False,False,lichess_200k_bins_16layers_ckpt_with_optimizer.pt vs. Stockfish 7,70,64.13848447799683,69,0
1762771439-6433,"[White ""Magnus Carlsen""]
[Black ""Stockfish""]

1. e4 e5 2. Nf3 Nc6 3. Bc4 Nf6 4. Ng5 Nxe4 5. Nxf7 Qh4 6. O-O Bc5 7. g3 Nxg3 8. hxg3 Qxg3+ 9. Kh1 Qh3+ 10. Kg1 Rf8 11. Ng5 Qg3+ 12. Kh1 Qh4+ 13. Kg1 Qg3+ 14. Kh1 Qh4+ 15. Kg1 Qxg5+ 16. Kh1 Rf4 17. d4 Rh4#",0-1,lichess_200k_bins_16layers_ckpt_with_optimizer.pt,Stockfish 8,,0.1,0,1,0,0,17,17,False,False,False,False,lichess_200k_bins_16layers_ckpt_with_optimizer.pt vs. Stockfish 8,18,4.851514577865601,17,0
1762771460-5251,"[White ""Magnus Carlsen""]
[Black ""Stockfish""]

1. e4 e6 2. d4 c5 3. d5 d6 4. c4 g6 5. Nc3 Nf6 6. Bg5 exd5 7. cxd5 Nbd7 8. Bb5 a6 9. Bxd7+ Bxd7 10. Nf3 h6 11. Bh4 Bg7 12. O-O O-O 13. Re1 Re8 14. e5 dxe5 15. Nxe5 Bf5 16. Qb3 b5 17. Rad1 c4 18. Qb4 g5 19. Bg3 Qc8 20. d6 Bd7 21. Nxd7 Qxd7 22. Rxe8+ Nxe8 23. Nd5 Rd8 24. Nb6 Qc6 25. d7 Qxb6 26. dxe8=Q+ Rxe8 27. h3 Qf6 28. Qa5 Qxb2 29. Qxa6 c3 30. Qc6 Qe2 31. Rc1 Re6 32. Qc8+ Re8 33. Qc6 Rd8 34. Qxc3 Bxc3 35. Rxc3 f6 36. Re3 Qc2 37. Re6 Rd1+ 38. Kh2 Qc1 39. Rxf6 Rh1#",0-1,lichess_200k_bins_16layers_ckpt_with_optimizer.pt,Stockfish 8,,0.1,0,1,0,0,39,39,False,False,False,False,lichess_200k_bins_16layers_ckpt_with_optimizer.pt vs. Stockfish 8,40,20.92304515838623,39,0
1762771515-1859,"[White ""Magnus Carlsen""]
[Black ""Stockfish""]

1. e4 d5 2. exd5 Nf6 3. Nc3 g6 4. Nf3 Nxd5 5. Bc4 c6 6. O-O b5 7. Bb3 a6 8. d4 Ra7 9. Ne4 a5 10. a4 Bg7 11. axb5 cxb5 12. Nc5 Nc7 13. Bf4 O-O 14. c3 a4 15. Bc2 Nd7 16. Ne4 Nd5 17. Bg3 Qb6 18. Re1 N5f6 19. Ned2 Nd5 20. Ne4 N5f6 21. Ned2 Re8 22. Ne4 Bb7 23. Ned2 Nd5 24. Ne4 N5f6 25. Ned2 Nh5 26. Ne4 Nxg3 27. hxg3 Rea8 28. Ned2 Bf8 29. Ne4 Bd5 30. Ned2 Qb7 31. Ne4 Qb6 32. Ned2 h5 33. Ne4 Rb8 34. Ned2 e6 35. Ne4 Rc8 36. Ned2 Nf6 37. Ne5 a3 38. bxa3 Rxc3 39. Ndf3 Rac7 40. Bd3 Bxf3 41. Nxf3 Bxa3 42. Rb1 b4 43. Ne5 Qxd4 44. Nf3 Qxd3 45. Qxd3 Rxd3 46. Ne5 Rd5 47. Nf3 Kh8 48. Ra1 Bb2 49. Ra8+ Ng8 50. Rb1 Bc3 51. Rb8 Rcd7 52. Rb3 g5 53. Nxg5 Rxg5 54. R3xb4 Rd1+ 55. Kh2 Bxb4 56. Rxb4 Rd7 57. Rb8 Ra5 58. Rb4 Kg7 59. Rh4 Rdd5 60. Rf4 Nh6 61. Rf3 Rac5 62. Re3 Ng4+ 63. Kh3 Nxf2+ 64. Kh4 Rc4+ 65. g4 Rxg4#",0-1,lichess_200k_bins_16layers_ckpt_with_optimizer.pt,Stockfish 8,,0.1,0,1,0,0,65,65,False,False,False,False,lichess_200k_bins_16layers_ckpt_with_optimizer.pt vs. Stockfish 8,66,55.23421835899353,65,0
1762771526-5068,"[White ""Magnus Carlsen""]
[Black ""Stockfish""]

1. e4 e6 2. d4 a6 3. Nf3 h6 4. Bc4 c5 5. d5 d6 6. dxe6 Bxe6 7. Bxe6 fxe6 8. O-O Nc6 9. Nc3 g5 10. h3 Qc7 11. Be3 O-O-O 12. a3 Qg7 13. Qd2 Be7 14. Rad1 Nf6 15. b4 Rhg8 16. bxc5 g4 17. hxg4 Qxg4 18. Ne1 Nxe4 19. Nxe4 dxc5 20. Qc1 Rxd1 21. Qxd1 Qxd1 22. Nf3 Qe2 23. Bxh6 Qxe4 24. Be3 Qxf3 25. g3 Rh8 26. Bh6 Rxh6 27. g4 Qh1#",0-1,lichess_200k_bins_16layers_ckpt_with_optimizer.pt,Stockfish 9,,0.1,0,1,0,0,27,27,False,False,False,False,lichess_200k_bins_16layers_ckpt_with_optimizer.pt vs. Stockfish 9,28,9.994327783584595,27,0
1762771545-8607,"[White ""Magnus Carlsen""]
[Black ""Stockfish""]

1. e4 c5 2. Nf3 a6 3. d4 cxd4 4. Nxd4 e5 5. Nf3 Nc6 6. Nc3 h6 7. Bc4 d6 8. O-O Rb8 9. Be3 Be7 10. Nd5 Nf6 11. Nxe7 Qxe7 12. Bd5 Nb4 13. c4 O-O 14. a3 Nbxd5 15. cxd5 Ng4 16. Bd2 f5 17. h3 fxe4 18. hxg4 exf3 19. gxf3 h5 20. g5 Qf7 21. Kg2 b5 22. Bb4 Bb7 23. Bxd6 Bxd5 24. Bxb8 Bxf3+ 25. Qxf3 Qxf3+ 26. Kg1 Rxb8 27. Rae1 Qf4 28. Re3 h4 29. Rfe1 Qg4+ 30. Kf1 h3 31. Rg3 Qf4 32. Rxh3 g6 33. Rhe3 Rc8 34. Rxe5 Rf8 35. R1e2 Qh2 36. R5e3 Qh1#",0-1,lichess_200k_bins_16layers_ckpt_with_optimizer.pt,Stockfish 9,,0.1,0,1,0,0,36,36,False,False,False,False,lichess_200k_bins_16layers_ckpt_with_optimizer.pt vs. Stockfish 9,37,18.317172050476074,36,0
1762771594-6174,"[White ""Magnus Carlsen""]
[Black ""Stockfish""]

1. e4 e5 2. Nf3 d5 3. exd5 e4 4. Nd4 Qxd5 5. Nb3 Qe5 6. Nc3 Nf6 7. Be2 Nc6 8. O-O Bd6 9. g3 h5 10. d4 Qf5 11. f3 Bd7 12. fxe4 Qh3 13. e5 Ng4 14. Bxg4 Bxg4 15. Qd2 Be7 16. Qg2 Qxg2+ 17. Kxg2 Nb4 18. Rf2 Be6 19. a3 Nxc2 20. Rxc2 Bxb3 21. Rf2 O-O-O 22. Be3 b6 23. Rc1 h4 24. g4 Kb7 25. h3 f6 26. exf6 Bxf6 27. Ne4 Bd5 28. Rxf6 gxf6 29. Kf3 Rde8 30. Rc3 Bxe4+ 31. Kf4 Rhf8 32. Bf2 f5 33. g5 Rh8 34. Bxh4 Rxh4+ 35. Kg3 Rhh8 36. h4 f4+ 37. Kxf4 Bd5 38. Kg3 Kc8 39. Rf3 Bxf3 40. Kxf3 Rxh4 41. Kg3 Rxd4 42. Kf3 Kd7 43. g6 Rg8 44. g7 Rxg7 45. Ke3 Rd1 46. Ke2 Rd6 47. Ke3 Re7+ 48. Kf4 Rg7 49. Kf5 Rg8 50. Ke5 Re8+ 51. Kf5 Re7 52. Kg5 Rde6 53. Kf5 Rg7 54. Kf4 Rh7 55. Kf5 Rf7+ 56. Kg5 Rf8 57. Kg4 Rf7 58. Kg5 Rf1 59. Kg4 Rg6+ 60. Kh5 Rg7 61. Kh6 Rg4 62. Kh5 Rg8 63. Kh6 Rh1#",0-1,lichess_200k_bins_16layers_ckpt_with_optimizer.pt,Stockfish 9,,0.1,0,1,0,0,63,63,False,False,False,False,lichess_200k_bins_16layers_ckpt_with_optimizer.pt vs. Stockfish 9,64,49.51639652252197,63,0
1762771603-3485,"[White ""Magnus Carlsen""]
[Black ""Stockfish""]

1. e4 c5 2. Nf3 e6 3. d4 a6 4. d5 Nf6 5. Nc3 b5 6. e5 Nxd5 7. Nxd5 exd5 8. Qxd5 Nc6 9. Bg5 Be7 10. Bxe7 Qxe7 11. O-O-O Bb7 12. Qd6 c4 13. Qxe7+ Nxe7 14. Nd4 O-O-O 15. f3 Ng6 16. Nf5 Kc7 17. Nd6 Nxe5 18. f4 Ng4 19. Nxf7 Rhe8 20. Nxd8 Kxd8 21. Rg1 Nf2 22. Rd2 Re1+ 23. Rd1 Rxd1#",0-1,lichess_200k_bins_16layers_ckpt_with_optimizer.pt,Stockfish 10,,0.1,0,1,0,0,23,23,False,False,False,False,lichess_200k_bins_16layers_ckpt_with_optimizer.pt vs. Stockfish 10,24,8.209771871566772,23,0
1762771632-4611,"[White ""Magnus Carlsen""]
[Black ""Stockfish""]

1. e4 e5 2. Nf3 d6 3. Bc4 Nc6 4. d3 Na5 5. Bb3 Nxb3 6. axb3 c5 7. Nc3 Ne7 8. Bg5 h6 9. Bh4 g5 10. Bg3 Be6 11. h3 f5 12. exf5 Nxf5 13. Bh2 Be7 14. O-O h5 15. Ne4 g4 16. hxg4 hxg4 17. Nfd2 Kd7 18. Qxg4 Qf8 19. Qf3 Qh6 20. Qh3 Qxh3 21. gxh3 Nd4 22. c3 Nc6 23. Kg2 Bxh3+ 24. Kh1 Raf8 25. Rg1 d5 26. Ng5 Bxg5 27. Rxg5 Rxf2 28. Rg7+ Kd6 29. Rg6+ Kd7 30. Rg7+ Ke8 31. Rg5 Ke7 32. Rg7+ Kd6 33. Rg6+ Ke7 34. Rg7+ Kf6 35. Rg3 Rxd2 36. Rxh3 Rxh3 37. Rf1+ Ke7 38. Rf5 Rhxh2+ 39. Kg1 Rxb2 40. Rg5 Rhc2 41. Rg2 Rxg2+ 42. Kf1 Kf7 43. Ke1 Rg1#",0-1,lichess_200k_bins_16layers_ckpt_with_optimizer.pt,Stockfish 10,,0.1,0,1,0,0,43,43,False,False,False,False,lichess_200k_bins_16layers_ckpt_with_optimizer.pt vs. Stockfish 10,44,28.7183735370636,43,0
1762771648-9138,"[White ""Magnus Carlsen""]
[Black ""Stockfish""]

1. e4 c5 2. Nf3 d6 3. d4 Nf6 4. Nc3 cxd4 5. Nxd4 a6 6. Be3 e5 7. Nb3 Be6 8. f3 h5 9. Qd2 Nbd7 10. O-O-O Rc8 11. Kb1 Be7 12. h3 h4 13. Be2 Qc7 14. Rhe1 O-O 15. Bg5 Rfe8 16. Bxh4 b5 17. Bxf6 Nxf6 18. Nd5 Bxd5 19. exd5 Nh5 20. Bd3 Bh4 21. Re4 Nf4 22. Rxf4 exf4 23. Qxf4 Bf6 24. Qf5 Re5 25. Qh7+ Kf8 26. f4 Re3 27. g4 a5 28. g5 Bxb2 29. Kxb2 Qc3+ 30. Kb1 a4 31. Qh8+ Ke7 32. Qh4 axb3 33. axb3 Ra8 34. f5 Ra1#",0-1,lichess_200k_bins_16layers_ckpt_with_optimizer.pt,Stockfish 10,,0.1,0,1,0,0,34,34,False,False,False,False,lichess_200k_bins_16layers_ckpt_with_optimizer.pt vs. Stockfish 10,35,15.981038093566895,34,0
